Incident number,Incident Occurred,Incident Reported,LATITUDE,LONGITUDE,NIB_CODE_DESC
2014357565,20140501 00:00,20140507 08:50,36.09614032,-86.74945796,Burglary/Breaking & Entering
2014338695,20140501 01:00,20140501 01:50,36.23028293,-86.58866955,Burglary/Breaking & Entering
2014343671,20140501 03:00,20140502 20:38,36.16699631,-86.67344905,Burglary/Breaking & Entering
2014343098,20140501 05:00,20140502 15:50,36.05249196,-86.6592068,Burglary/Breaking & Entering
2014357951,20140501 07:00,20140507 10:30,36.10110041,-86.74299186,Burglary/Breaking & Entering
2014340913,20140501 07:00,20140501 20:05,36.04515876,-86.69257073,Burglary/Breaking & Entering
2014340553,20140501 07:00,20140501 17:47,36.15465239,-86.88284363,Burglary/Breaking & Entering
2014340666,20140501 07:00,20140501 18:15,36.08381958,-86.65965332,Burglary/Breaking & Entering
2014339539,20140501 08:00,20140501 09:30,36.25976281,-86.76660429,Burglary/Breaking & Entering
2014339526,20140501 08:30,20140501 09:30,36.11381389,-86.81082356,Burglary/Breaking & Entering
2014341041,20140501 09:00,20140501 21:00,36.27239956,-86.71821178,Burglary/Breaking & Entering
2014340527,20140501 09:00,20140501 17:50,36.0501445,-86.73887884,Burglary/Breaking & Entering
2014340098,20140501 10:45,20140501 14:35,36.08417007,-86.65885753,Burglary/Breaking & Entering
2014340145,20140501 12:30,20140501 15:00,36.13022514,-86.76929515,Burglary/Breaking & Entering
2014339924,20140501 12:50,20140501 13:00,36.24868153,-86.71552796,Burglary/Breaking & Entering
2014339998,20140501 13:25,20140501 13:47,36.2624201,-86.77464186,Burglary/Breaking & Entering
2014343143,20140501 15:00,20140502 16:08,36.12012764,-86.80659469,Burglary/Breaking & Entering
2014340811,20140501 16:30,20140501 19:45,36.13508071,-86.70522158,Burglary/Breaking & Entering
2014357872,20140501 18:00,20140507 09:41,36.23135266,-86.75886678,Burglary/Breaking & Entering
2014342575,20140501 19:30,20140502 09:40,36.04478485,-86.66232639,Burglary/Breaking & Entering
2014341386,20140501 22:30,20140501 23:30,36.21150828,-86.76537515,Burglary/Breaking & Entering
2014345446,20140501 23:08,20140503 11:32,36.18977092,-86.83738598,Burglary/Breaking & Entering
2014357895,20140502 00:00,20140507 10:30,36.2371263,-86.60412165,Burglary/Breaking & Entering
2014342031,20140502 03:33,20140502 03:50,36.06394982,-86.7108565,Burglary/Breaking & Entering
2014342834,20140502 04:30,20140502 15:30,36.09598575,-86.926649,Burglary/Breaking & Entering
2014342658,20140502 04:59,20140502 10:30,36.0475567,-86.648179,Burglary/Breaking & Entering
2014342696,20140502 06:00,20140502 11:20,36.08709177,-86.64792962,Burglary/Breaking & Entering
2014354666,20140502 12:00,20140506 11:14,36.09338655,-86.73626865,Burglary/Breaking & Entering
2014346385,20140502 12:00,20140503 20:46,36.21353326,-86.58269774,Burglary/Breaking & Entering
2014345198,20140502 17:00,20140503 08:15,36.22893595,-86.69865479,Burglary/Breaking & Entering
2014343409,20140502 18:00,20140502 19:04,36.18084103,-86.83528234,Burglary/Breaking & Entering
2014346099,20140502 18:00,20140503 18:55,36.16684953,-86.76188853,Burglary/Breaking & Entering
2014345241,20140502 18:00,20140503 08:45,36.12386467,-86.78984451,Burglary/Breaking & Entering
2014345254,20140502 18:30,20140503 09:01,36.06908814,-86.68163676,Burglary/Breaking & Entering
2014345432,20140502 21:00,20140503 11:30,36.20870622,-86.69449033,Burglary/Breaking & Entering
2014345288,20140502 22:30,20140503 09:01,36.06909835,-86.68177558,Burglary/Breaking & Entering
2014344362,20140502 22:30,20140503 01:07,36.07144068,-86.62041016,Burglary/Breaking & Entering
2014442326,20140503 00:00,20140604 17:55,36.20375704,-86.80164573,Burglary/Breaking & Entering
2014391129,20140503 00:00,20140518 12:20,36.11813221,-86.81125364,Burglary/Breaking & Entering
2014344333,20140503 00:16,20140503 00:16,36.13967371,-86.7695188,Burglary/Breaking & Entering
2014344325,20140503 00:17,20140503 01:00,36.09062128,-86.63459595,Burglary/Breaking & Entering
2014345458,20140503 02:30,20140503 11:24,36.18977092,-86.83738598,Burglary/Breaking & Entering
2014346880,20140503 08:00,20140504 00:13,36.09339874,-86.73607245,Burglary/Breaking & Entering
2014358886,20140503 14:00,20140507 16:55,36.20698537,-86.71910407,Burglary/Breaking & Entering
2014346475,20140503 15:00,20140503 20:58,36.20616583,-86.75700897,Burglary/Breaking & Entering
2014347942,20140503 17:30,20140504 08:09,36.06907048,-86.68135914,Burglary/Breaking & Entering
2014348194,20140503 18:00,20140504 10:16,36.15700428,-86.79673249,Burglary/Breaking & Entering
2014349051,20140503 18:30,20140504 17:30,36.17020788,-86.7655697,Burglary/Breaking & Entering
2014347910,20140503 19:00,20140504 07:38,36.13428754,-86.85816635,Burglary/Breaking & Entering
2014346627,20140503 21:40,20140503 21:40,36.21860207,-86.80371121,Burglary/Breaking & Entering
2014349310,20140504 00:00,20140504 20:15,36.11782269,-86.925238,Burglary/Breaking & Entering
2014347219,20140504 01:55,20140504 02:18,36.23028293,-86.58866955,Burglary/Breaking & Entering
2014347606,20140504 04:30,20140504 04:55,36.16977275,-86.67556301,Burglary/Breaking & Entering
2014348753,20140504 05:50,20140504 15:30,36.02851595,-86.649779,Burglary/Breaking & Entering
2014348851,20140504 06:30,20140504 17:35,36.1747002,-86.81209628,Burglary/Breaking & Entering
2014349003,20140504 07:00,20140504 17:20,36.25973076,-86.67920603,Burglary/Breaking & Entering
2014349114,20140504 07:50,20140504 17:35,36.14793145,-86.8296318,Burglary/Breaking & Entering
2014349131,20140504 08:00,20140504 17:55,36.20988391,-86.72500474,Burglary/Breaking & Entering
2014348323,20140504 09:30,20140504 11:02,36.14693715,-86.87169561,Burglary/Breaking & Entering
2014349026,20140504 12:00,20140504 17:01,36.11908955,-86.84231868,Burglary/Breaking & Entering
2014348556,20140504 12:50,20140504 13:40,36.07338459,-86.97712461,Burglary/Breaking & Entering
2014349196,20140504 14:00,20140504 18:40,36.21938847,-86.73140745,Burglary/Breaking & Entering
2014349038,20140504 15:10,20140504 17:00,36.19219,-86.80235237,Burglary/Breaking & Entering
2014348876,20140504 15:50,20140504 17:30,36.11534204,-86.7451159,Burglary/Breaking & Entering
2014351078,20140504 17:00,20140505 08:45,36.08882272,-86.75154827,Burglary/Breaking & Entering
2014349144,20140504 17:45,20140504 17:45,36.11111335,-86.81124965,Burglary/Breaking & Entering
2014365088,20140504 18:45,20140509 19:30,36.144344,-86.76125254,Burglary/Breaking & Entering
2014349695,20140504 20:56,20140504 20:56,36.2010758,-86.75828563,Burglary/Breaking & Entering
2014349566,20140504 21:00,20140504 21:05,36.16790967,-86.77913657,Burglary/Breaking & Entering
2014349788,20140504 22:39,20140504 22:39,36.18310097,-86.83461824,Burglary/Breaking & Entering
2014361270,20140505 00:00,20140508 10:22,36.14977025,-86.79687666,Burglary/Breaking & Entering
2014350028,20140505 00:36,20140505 13:00,36.25130042,-86.69464306,Burglary/Breaking & Entering
2014352609,20140505 08:00,20140505 18:30,36.1251293,-86.72493512,Burglary/Breaking & Entering
2014352583,20140505 09:00,20140505 21:30,35.99119633,-86.66579461,Burglary/Breaking & Entering
2014351643,20140505 09:30,20140505 13:46,36.21290154,-86.63289642,Burglary/Breaking & Entering
2014376238,20140505 10:00,20140513 14:20,36.18966361,-86.74919943,Burglary/Breaking & Entering
2014351467,20140505 11:52,20140505 11:52,36.04386143,-86.66588398,Burglary/Breaking & Entering
2014352310,20140505 12:00,20140505 16:50,36.25452504,-86.77123411,Burglary/Breaking & Entering
2014353715,20140505 15:00,20140506 14:07,36.15665,-86.84635209,Burglary/Breaking & Entering
2014354506,20140505 15:30,20140506 10:45,36.15628877,-86.82953624,Burglary/Breaking & Entering
2014352395,20140505 17:05,20140505 17:05,36.119077,-86.62432731,Burglary/Breaking & Entering
2014361115,20140505 19:30,20140508 10:00,36.18066751,-86.80584798,Burglary/Breaking & Entering
2014362418,20140506 00:01,20140508 18:52,36.23135266,-86.75886678,Burglary/Breaking & Entering
2014354827,20140506 07:00,20140506 12:10,36.073929,-86.92911585,Burglary/Breaking & Entering
2014355242,20140506 08:00,20140506 15:20,36.19269377,-86.73441815,Burglary/Breaking & Entering
2014354559,20140506 09:18,20140506 09:35,36.10388565,-86.7185666,Burglary/Breaking & Entering
2014355283,20140506 10:30,20140506 15:52,36.28430173,-86.71504551,Burglary/Breaking & Entering
2014356512,20140506 13:00,20140506 22:15,36.2653451,-86.7246912,Burglary/Breaking & Entering
2014355862,20140506 14:45,20140506 19:00,36.28926479,-86.73214413,Burglary/Breaking & Entering
2014355570,20140506 16:30,20140506 16:50,36.13674537,-86.81429201,Burglary/Breaking & Entering
2014356665,20140506 17:20,20140506 23:30,36.23530445,-86.79617995,Burglary/Breaking & Entering
2014357887,20140506 18:00,20140507 11:10,36.11594831,-86.77232588,Burglary/Breaking & Entering
2014357517,20140506 22:00,20140507 08:06,36.05202344,-86.63997113,Burglary/Breaking & Entering
2014357563,20140506 23:30,20140507 07:45,36.15207463,-86.8473432,Burglary/Breaking & Entering
2014409274,20140507 00:00,20140524 16:44,36.23404423,-86.76807474,Burglary/Breaking & Entering
2014358728,20140507 01:50,20140507 15:35,36.27255878,-86.72558831,Burglary/Breaking & Entering
2014358631,20140507 07:30,20140507 17:08,36.16797344,-86.79713738,Burglary/Breaking & Entering
2014358836,20140507 07:30,20140507 16:13,36.04069942,-86.72492274,Burglary/Breaking & Entering
2014357544,20140507 07:42,20140507 23:59,36.25322537,-86.72239961,Burglary/Breaking & Entering
2014359592,20140507 09:00,20140507 21:00,36.14334358,-86.62452156,Burglary/Breaking & Entering
2014359120,20140507 12:00,20140507 18:00,36.21796458,-86.76308136,Burglary/Breaking & Entering
2014359097,20140507 12:00,20140507 18:40,36.29505686,-86.80946494,Burglary/Breaking & Entering
2014359775,20140507 12:15,20140507 22:00,36.16722,-86.65779213,Burglary/Breaking & Entering
2014361637,20140507 12:20,20140508 12:30,36.21820493,-86.71062891,Burglary/Breaking & Entering
2014358751,20140507 13:30,20140507 15:30,36.12675228,-86.71025056,Burglary/Breaking & Entering
2014369285,20140507 16:00,20140511 08:00,36.16198029,-86.85207658,Burglary/Breaking & Entering
2014361924,20140507 18:30,20140508 16:00,36.24184158,-86.82092273,Burglary/Breaking & Entering
2014359809,20140507 21:10,20140507 21:10,36.07821357,-86.63389448,Burglary/Breaking & Entering
2014361336,20140507 21:20,20140508 11:45,36.26545836,-86.75685279,Burglary/Breaking & Entering
2014360204,20140508 01:10,20140508 01:55,36.07537269,-86.63968546,Burglary/Breaking & Entering
2014361576,20140508 01:30,20140508 12:53,36.0578991,-86.71575882,Burglary/Breaking & Entering
2014362175,20140508 06:30,20140508 17:00,36.18901831,-86.75313117,Burglary/Breaking & Entering
2014362368,20140508 07:45,20140508 18:00,36.14512693,-86.86518963,Burglary/Breaking & Entering
2014362081,20140508 08:00,20140508 16:30,36.07081961,-86.6419633,Burglary/Breaking & Entering
2014361890,20140508 08:00,20140508 15:25,36.152573,-86.83098104,Burglary/Breaking & Entering
2014362538,20140508 08:00,20140508 19:55,36.22487112,-86.7440668,Burglary/Breaking & Entering
2014361102,20140508 08:52,20140508 08:52,36.20032898,-86.82485518,Burglary/Breaking & Entering
2014375737,20140508 09:00,20140513 10:50,36.16138471,-86.83708306,Burglary/Breaking & Entering
2014361549,20140508 09:15,20140508 12:02,36.22801789,-86.71424975,Burglary/Breaking & Entering
2014362300,20140508 11:00,20140508 18:05,36.23431884,-86.78939526,Burglary/Breaking & Entering
2014369378,20140508 12:15,20140511 08:33,36.15306964,-86.84726236,Burglary/Breaking & Entering
2014361788,20140508 14:00,20140508 14:45,36.19661257,-86.70841554,Burglary/Breaking & Entering
2014362017,20140508 14:00,20140508 15:45,36.16722,-86.65779213,Burglary/Breaking & Entering
2014362501,20140508 17:00,20140508 18:55,36.14489961,-86.84178985,Burglary/Breaking & Entering
2014376334,20140508 18:00,20140513 14:34,36.21792599,-86.73925215,Burglary/Breaking & Entering
2014364239,20140508 22:30,20140509 09:50,36.08333213,-86.72584312,Burglary/Breaking & Entering
2014373190,20140509 00:00,20140512 14:53,36.20032898,-86.82485518,Burglary/Breaking & Entering
2014373432,20140509 00:00,20140512 16:10,36.20032898,-86.82485518,Burglary/Breaking & Entering
2014363493,20140509 00:50,20140509 02:00,36.20876903,-86.7536543,Burglary/Breaking & Entering
2014363757,20140509 03:22,20140509 03:45,36.12050074,-86.75005019,Burglary/Breaking & Entering
2014363932,20140509 05:15,20140509 05:55,36.22193633,-86.74644973,Burglary/Breaking & Entering
2014367902,20140509 08:00,20140511 00:46,36.16680115,-86.59617025,Burglary/Breaking & Entering
2014364404,20140509 12:00,20140509 12:43,36.01065003,-86.65457295,Burglary/Breaking & Entering
2014365868,20140509 14:20,20140510 00:50,36.2509765,-86.70173519,Burglary/Breaking & Entering
2014369310,20140509 17:07,20140511 08:30,36.20232605,-86.73873053,Burglary/Breaking & Entering
2014364918,20140509 17:35,20140509 18:09,36.18058371,-86.75507403,Burglary/Breaking & Entering
2014365014,20140509 18:10,20140509 18:40,36.08673623,-86.70305615,Burglary/Breaking & Entering
2014365337,20140509 21:05,20140509 22:10,36.16393953,-86.85704042,Burglary/Breaking & Entering
2014366738,20140510 04:30,20140510 10:05,36.12886829,-86.71384538,Burglary/Breaking & Entering
2014490014,20140510 08:00,20140620 16:50,36.21433362,-86.79409139,Burglary/Breaking & Entering
2014370124,20140510 09:00,20140511 15:30,36.26342117,-86.69732044,Burglary/Breaking & Entering
2014367156,20140510 14:00,20140510 15:00,36.16556112,-86.75446018,Burglary/Breaking & Entering
2014367432,20140510 16:25,20140510 17:00,36.12050074,-86.75005019,Burglary/Breaking & Entering
2014369560,20140510 16:30,20140511 10:18,36.07834931,-86.72393972,Burglary/Breaking & Entering
2014367468,20140510 16:30,20140510 16:45,36.14519651,-86.75892709,Burglary/Breaking & Entering
2014367649,20140510 18:20,20140510 19:10,36.08481497,-86.60554558,Burglary/Breaking & Entering
2014367804,20140510 19:45,20140510 20:45,36.05048749,-86.71434228,Burglary/Breaking & Entering
2014583476,20140511 00:00,20140724 16:30,36.15133019,-86.76250169,Burglary/Breaking & Entering
2014535474,20140511 00:00,20140707 13:30,36.21675051,-86.82891776,Burglary/Breaking & Entering
2014368309,20140511 00:10,20140511 00:42,36.11539612,-86.71716074,Burglary/Breaking & Entering
2014372599,20140511 06:00,20140512 10:15,36.14151378,-86.78113649,Burglary/Breaking & Entering
2014370610,20140511 06:00,20140511 18:20,36.26788764,-86.70208507,Burglary/Breaking & Entering
2014370127,20140511 06:30,20140511 15:16,36.02551234,-86.71540973,Burglary/Breaking & Entering
2014371208,20140511 07:00,20140511 22:52,36.07426142,-86.6633335,Burglary/Breaking & Entering
2014370689,20140511 07:30,20140511 19:05,36.2679236,-86.72438574,Burglary/Breaking & Entering
2014371317,20140511 08:00,20140511 23:59,36.18158895,-86.73507438,Burglary/Breaking & Entering
2014369385,20140511 08:14,20140511 08:55,36.25559388,-86.71490863,Burglary/Breaking & Entering
2014370801,20140511 08:45,20140511 20:00,36.19083322,-86.75062705,Burglary/Breaking & Entering
2014369996,20140511 09:00,20140511 13:55,36.05869972,-86.71970754,Burglary/Breaking & Entering
2014370161,20140511 12:00,20140511 15:15,36.04194179,-86.71792879,Burglary/Breaking & Entering
2014370384,20140511 12:30,20140511 16:30,36.08381886,-86.73347927,Burglary/Breaking & Entering
2014370024,20140511 13:30,20140511 14:45,36.1528838,-86.76269614,Burglary/Breaking & Entering
2014370051,20140511 13:30,20140511 14:25,36.05863406,-86.72744111,Burglary/Breaking & Entering
2014370794,20140511 14:45,20140511 20:00,36.20850148,-86.75382802,Burglary/Breaking & Entering
2014748950,20140511 16:00,20140917 19:30,36.07764611,-86.93051636,Burglary/Breaking & Entering
2014370916,20140511 18:00,20140511 20:15,36.14725784,-86.83131153,Burglary/Breaking & Entering
2014373045,20140511 22:30,20140512 14:00,36.23143614,-86.91239064,Burglary/Breaking & Entering
2014373807,20140512 00:00,20140512 19:30,36.04086713,-86.63168552,Burglary/Breaking & Entering
2014378808,20140512 00:00,20140514 08:32,36.22346592,-86.75931002,Burglary/Breaking & Entering
2014371553,20140512 01:45,20140512 01:55,36.11944332,-86.75354119,Burglary/Breaking & Entering
2014372261,20140512 04:30,20140512 08:20,36.22607495,-86.59475457,Burglary/Breaking & Entering
2014373814,20140512 08:15,20140512 18:30,36.13643651,-86.8165003,Burglary/Breaking & Entering
2014372558,20140512 09:36,20140512 09:36,36.18531513,-86.81897217,Burglary/Breaking & Entering
2014372870,20140512 11:48,20140512 11:48,36.04539969,-86.66391799,Burglary/Breaking & Entering
2014372935,20140512 12:03,20140512 12:03,36.26059697,-86.68050916,Burglary/Breaking & Entering
2014373517,20140512 13:30,20140512 16:52,36.07053987,-86.62249429,Burglary/Breaking & Entering
2014375613,20140512 15:30,20140513 09:47,36.21725252,-86.72710952,Burglary/Breaking & Entering
2014373991,20140512 16:30,20140512 20:15,36.03227104,-86.71482795,Burglary/Breaking & Entering
2014373983,20140512 19:10,20140512 20:05,36.20134964,-86.71752099,Burglary/Breaking & Entering
2014374222,20140512 19:15,20140512 21:37,36.11381389,-86.81082356,Burglary/Breaking & Entering
2014374886,20140512 21:30,20140513 03:22,36.22856067,-86.74401666,Burglary/Breaking & Entering
2014374358,20140512 22:15,20140512 23:17,36.23404423,-86.76807474,Burglary/Breaking & Entering
2014379616,20140513 00:00,20140514 14:18,36.16223429,-86.86310975,Burglary/Breaking & Entering
2014375875,20140513 00:00,20140513 11:35,36.07768748,-86.70536523,Burglary/Breaking & Entering
2014374945,20140513 03:50,20140513 04:16,36.15164076,-86.79816227,Burglary/Breaking & Entering
2014376614,20140513 06:30,20140513 16:16,36.17471044,-86.79945146,Burglary/Breaking & Entering
2014376960,20140513 07:30,20140513 18:30,36.11080706,-86.69773059,Burglary/Breaking & Entering
2014375315,20140513 07:43,20140513 07:43,36.21578292,-86.72206193,Burglary/Breaking & Entering
2014388955,20140513 08:30,20140517 18:45,36.14542767,-86.82860308,Burglary/Breaking & Entering
2014376374,20140513 09:00,20140513 15:10,36.11118464,-86.69894254,Burglary/Breaking & Entering
2014376699,20140513 10:00,20140513 17:06,36.2748125,-86.70401908,Burglary/Breaking & Entering
2014404482,20140513 12:00,20140522 19:40,36.23248934,-86.71436463,Burglary/Breaking & Entering
2014376738,20140513 16:30,20140513 17:00,36.24807887,-86.77459858,Burglary/Breaking & Entering
2014377045,20140513 18:20,20140513 19:56,36.15965134,-86.58987329,Burglary/Breaking & Entering
2014377470,20140513 18:20,20140513 21:50,36.23475982,-86.79545563,Burglary/Breaking & Entering
2014377980,20140513 19:00,20140514 01:00,36.26730206,-86.70499715,Burglary/Breaking & Entering
2014391612,20140513 20:00,20140518 16:40,36.14649377,-86.79508928,Burglary/Breaking & Entering
2014377363,20140513 20:00,20140513 20:30,36.24390325,-86.63828491,Burglary/Breaking & Entering
2014377807,20140513 23:29,20140513 23:29,36.14954314,-86.76965175,Burglary/Breaking & Entering
2014380084,20140513 23:30,20140514 17:00,36.05038427,-86.96357709,Burglary/Breaking & Entering
2014444761,20140514 00:00,20140605 14:00,36.06795616,-86.63174523,Burglary/Breaking & Entering
2014378170,20140514 02:25,20140514 02:50,36.20041633,-86.82493743,Burglary/Breaking & Entering
2014379863,20140514 07:30,20140514 16:40,36.26103641,-86.70354735,Burglary/Breaking & Entering
2014380088,20140514 07:50,20140514 17:40,36.21554333,-86.72399881,Burglary/Breaking & Entering
2014378872,20140514 08:30,20140514 09:00,36.21427886,-86.76425949,Burglary/Breaking & Entering
2014379838,20140514 10:30,20140514 15:55,36.06475828,-86.93594498,Burglary/Breaking & Entering
2014380073,20140514 10:40,20140514 17:12,36.05572203,-86.64237249,Burglary/Breaking & Entering
2014403702,20140514 11:00,20140522 13:30,36.25365869,-86.77697106,Burglary/Breaking & Entering
2014403704,20140514 11:00,20140522 13:30,36.25370809,-86.77697833,Burglary/Breaking & Entering
2014381758,20140514 11:30,20140515 06:50,36.17589195,-86.79525172,Burglary/Breaking & Entering
2014379470,20140514 13:04,20140514 13:40,36.09117297,-86.76312576,Burglary/Breaking & Entering
2014379555,20140514 13:30,20140514 14:04,36.05218859,-86.71469925,Burglary/Breaking & Entering
2014381753,20140514 15:15,20140515 07:30,36.16212282,-86.86063888,Burglary/Breaking & Entering
2014380751,20140514 18:15,20140514 19:32,36.04419546,-86.72647006,Burglary/Breaking & Entering
2014385546,20140514 18:30,20140516 12:35,36.11311507,-86.74273863,Burglary/Breaking & Entering
2014382452,20140514 19:30,20140515 12:00,36.1140422,-86.74341088,Burglary/Breaking & Entering
2014381057,20140514 20:30,20140515 02:30,36.13195175,-86.77122182,Burglary/Breaking & Entering
2014383261,20140515 00:00,20140515 18:12,36.1154488,-86.70918115,Burglary/Breaking & Entering
2014381374,20140515 00:20,20140515 02:30,36.1697617,-86.76531807,Burglary/Breaking & Entering
2014381266,20140515 01:20,20140515 01:36,36.05964314,-86.73903821,Burglary/Breaking & Entering
2014381422,20140515 02:50,20140515 03:26,36.2181442,-86.80357775,Burglary/Breaking & Entering
2014381505,20140515 02:50,20140515 04:50,36.08322535,-86.72395708,Burglary/Breaking & Entering
2014381446,20140515 03:10,20140515 03:30,36.04690853,-86.74287426,Burglary/Breaking & Entering
2014381635,20140515 04:15,20140515 05:43,36.08459852,-86.92058325,Burglary/Breaking & Entering
2014389572,20140515 05:00,20140518 00:10,36.13022657,-86.9143565,Burglary/Breaking & Entering
2014383286,20140515 07:30,20140515 18:30,36.07778253,-86.75848613,Burglary/Breaking & Entering
2014382812,20140515 12:00,20140515 18:35,36.077523,-86.75782038,Burglary/Breaking & Entering
2014386851,20140515 12:00,20140516 23:26,36.16166044,-86.81932091,Burglary/Breaking & Entering
2014382497,20140515 12:16,20140515 12:20,36.21661366,-86.58815451,Burglary/Breaking & Entering
2014414863,20140515 13:00,20140526 16:20,36.23356042,-86.79153066,Burglary/Breaking & Entering
2014391163,20140515 13:00,20140518 13:15,36.09044322,-86.63449976,Burglary/Breaking & Entering
2014393769,20140515 14:00,20140519 12:20,36.21192498,-86.63158356,Burglary/Breaking & Entering
2014390815,20140515 16:00,20140518 10:00,36.19073954,-86.80729909,Burglary/Breaking & Entering
2014384856,20140515 16:30,20140516 04:40,36.25145916,-86.71638395,Burglary/Breaking & Entering
2014383125,20140515 16:52,20140515 17:08,36.08992115,-86.63920355,Burglary/Breaking & Entering
2014388671,20140515 18:00,20140517 17:15,36.18874644,-86.77182138,Burglary/Breaking & Entering
2014384055,20140515 22:20,20140515 22:37,36.05907377,-86.64129326,Burglary/Breaking & Entering
2014388762,20140516 00:00,20140517 18:00,36.10070513,-86.60480016,Burglary/Breaking & Entering
2014384525,20140516 01:15,20140516 01:43,36.2591557,-86.7132211,Burglary/Breaking & Entering
2014385942,20140516 03:00,20140516 16:21,36.14780675,-86.82978969,Burglary/Breaking & Entering
2014384789,20140516 03:30,20140516 03:40,36.11070353,-86.74222518,Burglary/Breaking & Entering
2014385486,20140516 11:00,20140516 12:10,36.04171919,-86.66129961,Burglary/Breaking & Entering
2014385447,20140516 11:30,20140516 11:57,36.185388,-86.82279877,Burglary/Breaking & Entering
2014385702,20140516 12:00,20140516 14:30,36.17592582,-86.67414489,Burglary/Breaking & Entering
2014387713,20140516 12:00,20140517 06:42,36.17674304,-86.75159834,Burglary/Breaking & Entering
2014386045,20140516 15:30,20140516 17:10,36.24685529,-86.77639907,Burglary/Breaking & Entering
2014394265,20140516 16:00,20140519 14:35,36.21820493,-86.71062891,Burglary/Breaking & Entering
2014387915,20140516 20:35,20140517 09:01,36.05011678,-86.6492452,Burglary/Breaking & Entering
2014388354,20140516 22:00,20140517 14:00,36.17759737,-86.58599494,Burglary/Breaking & Entering
2014388048,20140516 22:00,20140517 10:20,36.11047517,-86.53533751,Burglary/Breaking & Entering
2014388255,20140516 22:15,20140517 12:50,36.08204609,-86.62488912,Burglary/Breaking & Entering
2014391580,20140517 00:00,20140518 16:02,36.21961376,-86.81466491,Burglary/Breaking & Entering
2014387787,20140517 06:40,20140517 07:35,36.13508597,-86.72473141,Burglary/Breaking & Entering
2014388842,20140517 10:00,20140517 18:00,36.17797031,-86.81274983,Burglary/Breaking & Entering
2014397272,20140517 12:00,20140520 12:30,36.1076134,-86.78553918,Burglary/Breaking & Entering
2014388299,20140517 12:58,20140517 13:00,36.16148153,-86.80012785,Burglary/Breaking & Entering
2014391436,20140517 14:00,20140518 17:00,36.25889011,-86.71632562,Burglary/Breaking & Entering
2014389452,20140517 16:00,20140518 00:40,36.16098572,-86.84034118,Burglary/Breaking & Entering
2014390182,20140518 04:08,20140518 04:40,36.0650777,-86.68593328,Burglary/Breaking & Entering
2014390239,20140518 05:00,20140518 05:45,36.06849998,-86.61637755,Burglary/Breaking & Entering
2014395606,20140518 07:00,20140519 23:00,36.13844984,-86.7680168,Burglary/Breaking & Entering
2014392279,20140518 07:15,20140518 21:27,36.06069695,-86.64032857,Burglary/Breaking & Entering
2014392673,20140518 08:00,20140519 00:59,36.09960249,-86.92430811,Burglary/Breaking & Entering
2014438531,20140518 08:00,20140603 12:30,36.23873486,-86.63853153,Burglary/Breaking & Entering
2014392047,20140518 09:00,20140518 19:35,36.09289692,-86.64269683,Burglary/Breaking & Entering
2014391007,20140518 09:45,20140518 11:26,36.06577241,-86.64570534,Burglary/Breaking & Entering
2014391077,20140518 11:40,20140518 11:57,36.04207395,-86.71603236,Burglary/Breaking & Entering
2014391429,20140518 13:00,20140518 15:24,36.1084757,-86.70041504,Burglary/Breaking & Entering
2014391438,20140518 14:00,20140518 15:25,36.14708273,-86.87359736,Burglary/Breaking & Entering
2014394011,20140518 15:00,20140519 11:56,36.25563858,-86.7317623,Burglary/Breaking & Entering
2014391386,20140518 15:20,20140518 15:34,36.26757297,-86.70658711,Burglary/Breaking & Entering
2014395856,20140518 16:30,20140519 00:30,36.20190628,-86.82999637,Burglary/Breaking & Entering
2014394423,20140518 17:00,20140519 15:58,36.29451969,-86.70535134,Burglary/Breaking & Entering
2014392675,20140518 17:30,20140519 01:00,36.21563519,-86.82289563,Burglary/Breaking & Entering
2014393658,20140518 19:00,20140519 09:41,36.08517295,-86.69693348,Burglary/Breaking & Entering
2014364658,20140518 19:00,20140519 09:41,36.17623446,-86.5956143,Burglary/Breaking & Entering
2014394179,20140518 19:00,20140519 09:41,36.08520155,-86.69691314,Burglary/Breaking & Entering
2014392577,20140518 19:45,20140519 00:32,36.11381389,-86.81082356,Burglary/Breaking & Entering
2014392444,20140518 21:30,20140518 23:15,36.23152907,-86.66158405,Burglary/Breaking & Entering
2014392425,20140518 22:50,20140518 23:09,36.15804975,-86.82068269,Burglary/Breaking & Entering
2014393276,20140519 00:00,20140519 06:00,36.18664106,-86.74711054,Burglary/Breaking & Entering
2014394588,20140519 05:30,20140519 17:00,36.08519736,-86.71574418,Burglary/Breaking & Entering
2014395249,20140519 07:30,20140519 21:30,36.29642097,-86.74200031,Burglary/Breaking & Entering
2014593987,20140519 08:00,20140728 16:00,36.12400312,-86.70592229,Burglary/Breaking & Entering
2014394065,20140519 10:00,20140519 12:30,36.22919808,-86.63106677,Burglary/Breaking & Entering
2014391469,20140519 12:18,20140519 21:30,36.02671873,-86.71023612,Burglary/Breaking & Entering
2014394476,20140519 15:12,20140519 17:30,36.31935108,-86.8992757,Burglary/Breaking & Entering
2014395662,20140519 21:30,20140519 23:20,36.16559588,-86.75549041,Burglary/Breaking & Entering
2014395861,20140520 00:30,20140520 01:30,36.18637792,-86.82305981,Burglary/Breaking & Entering
2014396336,20140520 02:30,20140520 03:55,36.17634164,-86.75605015,Burglary/Breaking & Entering
2014396252,20140520 02:50,20140520 04:08,36.17181926,-86.79756565,Burglary/Breaking & Entering
2014396343,20140520 03:30,20140520 04:20,36.10623662,-86.81662989,Burglary/Breaking & Entering
2014396367,20140520 03:45,20140520 04:00,36.04687605,-86.64806182,Burglary/Breaking & Entering
2014397526,20140520 06:00,20140520 17:10,36.10723508,-86.7262444,Burglary/Breaking & Entering
2014400745,20140520 06:00,20140521 15:39,36.17076208,-86.81273698,Burglary/Breaking & Entering
2014396721,20140520 06:50,20140520 07:42,36.15485625,-86.853748,Burglary/Breaking & Entering
2014396821,20140520 07:59,20140520 07:59,36.23806383,-86.62925539,Burglary/Breaking & Entering
2014401387,20140520 08:00,20140521 19:00,36.3074134,-86.67413377,Burglary/Breaking & Entering
2014397650,20140520 08:00,20140520 16:00,36.18785475,-86.738711,Burglary/Breaking & Entering
2014421515,20140520 09:00,20140528 18:00,36.13751431,-86.761756,Burglary/Breaking & Entering
2014397455,20140520 09:30,20140520 13:40,36.25033536,-86.70428328,Burglary/Breaking & Entering
2014398664,20140520 11:30,20140520 22:00,36.08217933,-86.7137135,Burglary/Breaking & Entering
2014397371,20140520 12:45,20140520 12:50,36.11697435,-86.73922645,Burglary/Breaking & Entering
2014441638,20140520 14:00,20140604 13:40,36.13747979,-86.78471713,Burglary/Breaking & Entering
2014397577,20140520 14:45,20140520 15:28,36.11400134,-86.82410402,Burglary/Breaking & Entering
2014398286,20140520 16:00,20140520 20:08,36.17225609,-86.80377033,Burglary/Breaking & Entering
2014398891,20140520 23:00,20140520 23:16,36.19021176,-86.76646763,Burglary/Breaking & Entering
2014406834,20140521 00:00,20140523 16:30,36.08765381,-86.62418526,Burglary/Breaking & Entering
2014409113,20140521 00:00,20140524 15:30,36.13462338,-86.82538824,Burglary/Breaking & Entering
2014399124,20140521 00:22,20140521 01:30,36.2039457,-86.74204697,Burglary/Breaking & Entering
2014401601,20140521 07:15,20140521 20:15,36.15829625,-86.67298228,Burglary/Breaking & Entering
2014400538,20140521 08:00,20140521 14:00,36.14865754,-86.84337763,Burglary/Breaking & Entering
2014399944,20140521 09:03,20140521 09:13,36.08221889,-86.70699946,Burglary/Breaking & Entering
2014401086,20140521 10:00,20140521 17:15,36.03650441,-86.59281185,Burglary/Breaking & Entering
2014400142,20140521 10:39,20140521 11:04,36.25903831,-86.74005279,Burglary/Breaking & Entering
2014401852,20140521 10:50,20140521 20:07,36.13995884,-86.83369388,Burglary/Breaking & Entering
2014400274,20140521 11:45,20140521 12:30,36.18629836,-86.7536306,Burglary/Breaking & Entering
2014400786,20140521 11:50,20140521 16:00,36.18464472,-86.80757254,Burglary/Breaking & Entering
2014400311,20140521 12:04,20140521 12:04,36.15629064,-86.85988121,Burglary/Breaking & Entering
2014401206,20140521 13:00,20140521 17:30,36.13619011,-86.78364776,Burglary/Breaking & Entering
2014403347,20140521 16:30,20140522 11:30,36.18930215,-86.63494477,Burglary/Breaking & Entering
2014401546,20140521 17:15,20140521 20:20,36.27069212,-86.77579809,Burglary/Breaking & Entering
2014401243,20140521 17:45,20140521 18:30,36.05936935,-86.73978337,Burglary/Breaking & Entering
2014402004,20140521 18:00,20140521 23:35,36.13358779,-86.81161138,Burglary/Breaking & Entering
2014402738,20140521 20:30,20140522 05:47,36.15426678,-86.85552342,Burglary/Breaking & Entering
2014402863,20140522 00:00,20140522 07:30,36.19290508,-86.72399215,Burglary/Breaking & Entering
2014654045,20140522 00:00,20140818 13:10,36.06795616,-86.63174523,Burglary/Breaking & Entering
2014402468,20140522 02:19,20140522 02:41,36.1409604,-86.83940441,Burglary/Breaking & Entering
2014403434,20140522 09:00,20140522 11:30,36.14710401,-86.86950939,Burglary/Breaking & Entering
2014403757,20140522 09:00,20140522 15:25,36.23892837,-86.61499995,Burglary/Breaking & Entering
2014403662,20140522 09:30,20140522 14:00,36.20496542,-86.73656888,Burglary/Breaking & Entering
2014689158,20140522 16:00,20140829 12:00,36.17418566,-86.81466607,Burglary/Breaking & Entering
2014551585,20140522 17:00,20140713 11:00,36.16396807,-86.82132998,Burglary/Breaking & Entering
2014406468,20140522 17:00,20140523 12:30,36.18649335,-86.73717678,Burglary/Breaking & Entering
2014404741,20140522 20:35,20140522 21:15,36.26316061,-86.69915322,Burglary/Breaking & Entering
2014405004,20140522 21:59,20140522 23:40,36.27678893,-86.75477618,Burglary/Breaking & Entering
2014405599,20140522 22:15,20140523 03:00,36.25748198,-86.76673486,Burglary/Breaking & Entering
2014405151,20140522 23:25,20140522 23:55,36.2239088,-86.73883667,Burglary/Breaking & Entering
2014414214,20140522 23:30,20140526 11:00,36.15775364,-86.7068695,Burglary/Breaking & Entering
2014408072,20140523 00:00,20140524 02:23,36.16166044,-86.81932091,Burglary/Breaking & Entering
2014497577,20140523 00:00,20140623 11:45,36.16271561,-86.75262747,Burglary/Breaking & Entering
2014441408,20140523 02:00,20140604 11:55,36.18480155,-86.74783533,Burglary/Breaking & Entering
2014406348,20140523 04:00,20140523 11:50,36.17766565,-86.60445839,Burglary/Breaking & Entering
2014407068,20140523 09:30,20140523 18:15,36.18048318,-86.77183927,Burglary/Breaking & Entering
2014409105,20140523 11:00,20140524 15:24,36.18980505,-86.75559558,Burglary/Breaking & Entering
2014408702,20140523 17:30,20140524 08:50,36.20513479,-86.73762459,Burglary/Breaking & Entering
2014414337,20140523 18:00,20140526 12:00,36.13547,-86.88612188,Burglary/Breaking & Entering
2014407727,20140523 18:00,20140524 01:00,36.04528999,-86.72032692,Burglary/Breaking & Entering
2014408678,20140523 18:30,20140524 08:40,36.18048318,-86.77183927,Burglary/Breaking & Entering
2014408572,20140523 19:00,20140524 07:40,36.17547378,-86.64629651,Burglary/Breaking & Entering
2014407674,20140523 22:00,20140524 00:30,36.23490465,-86.6556241,Burglary/Breaking & Entering
2014408659,20140523 23:30,20140524 08:45,36.06007124,-86.72234543,Burglary/Breaking & Entering
2014407756,20140523 23:46,20140524 01:00,36.14427037,-86.68652616,Burglary/Breaking & Entering
2014407829,20140524 00:10,20140524 00:50,36.07965898,-86.72634087,Burglary/Breaking & Entering
2014407990,20140524 01:23,20140524 01:45,36.17235354,-86.79193654,Burglary/Breaking & Entering
2014413524,20140524 02:30,20140526 05:40,36.18553195,-86.79558556,Burglary/Breaking & Entering
2014408461,20140524 05:40,20140524 06:30,36.22219411,-86.59629175,Burglary/Breaking & Entering
2014408815,20140524 10:40,20140524 10:55,36.26511621,-86.66363169,Burglary/Breaking & Entering
2014409367,20140524 12:00,20140524 17:28,36.1827699,-86.97551012,Burglary/Breaking & Entering
2014409937,20140524 14:00,20140524 22:46,36.23154896,-86.7937213,Burglary/Breaking & Entering
2014412271,20140524 17:00,20140525 18:33,36.13890364,-86.77180752,Burglary/Breaking & Entering
2014409893,20140524 20:13,20140524 20:13,36.0650777,-86.68593328,Burglary/Breaking & Entering
2014409958,20140524 21:15,20140524 23:00,36.06167319,-86.64477543,Burglary/Breaking & Entering
2014410040,20140524 21:56,20140524 21:56,36.25393364,-86.69004678,Burglary/Breaking & Entering
2014410736,20140525 03:48,20140525 03:48,36.17218403,-86.5936493,Burglary/Breaking & Entering
2014410730,20140525 04:00,20140525 04:30,36.15856459,-86.66471223,Burglary/Breaking & Entering
2014417761,20140525 08:30,20140527 15:20,36.04452808,-86.96037367,Burglary/Breaking & Entering
2014411550,20140525 10:30,20140525 11:30,36.17001354,-86.7654594,Burglary/Breaking & Entering
2014411736,20140525 13:05,20140525 13:30,36.18368962,-86.76656727,Burglary/Breaking & Entering
2014411920,20140525 14:20,20140525 14:20,36.1220312,-86.74334009,Burglary/Breaking & Entering
2014412321,20140525 18:14,20140525 18:14,36.2679236,-86.72438574,Burglary/Breaking & Entering
2014412856,20140525 21:45,20140526 01:30,36.25596267,-86.76720179,Burglary/Breaking & Entering
2014413071,20140525 23:24,20140525 23:24,36.19661274,-86.780137,Burglary/Breaking & Entering
2014413940,20140526 04:00,20140526 08:41,36.20104831,-86.75828876,Burglary/Breaking & Entering
2014416019,20140526 06:40,20140527 00:47,36.17248171,-86.74460892,Burglary/Breaking & Entering
2014413787,20140526 06:47,20140526 06:47,36.16655689,-86.82036412,Burglary/Breaking & Entering
2014413942,20140526 08:08,20140526 08:08,36.16498024,-86.60273225,Burglary/Breaking & Entering
2014414086,20140526 09:00,20140526 09:00,36.17415176,-86.7933606,Burglary/Breaking & Entering
2014422262,20140526 09:30,20140528 23:30,36.13713025,-86.89306614,Burglary/Breaking & Entering
2014413983,20140526 10:23,20140526 10:23,36.14661954,-86.79392878,Burglary/Breaking & Entering
2014414311,20140526 11:42,20140526 11:42,36.17544943,-86.79653822,Burglary/Breaking & Entering
2014420150,20140526 11:45,20140528 09:40,36.05786644,-86.94112823,Burglary/Breaking & Entering
2014415148,20140526 12:00,20140526 18:00,36.18393616,-86.79387863,Burglary/Breaking & Entering
2014415180,20140526 12:00,20140526 18:58,36.23568002,-86.8313638,Burglary/Breaking & Entering
2014424548,20140526 12:00,20140529 17:30,36.14841763,-86.84977338,Burglary/Breaking & Entering
2014414367,20140526 12:15,20140526 12:15,36.15724421,-86.88078574,Burglary/Breaking & Entering
2014414515,20140526 13:19,20140526 13:19,36.09507566,-86.72133015,Burglary/Breaking & Entering
2014414713,20140526 13:50,20140526 15:10,36.21092711,-86.63224339,Burglary/Breaking & Entering
2014416036,20140526 15:00,20140527 00:40,36.05462826,-86.641934,Burglary/Breaking & Entering
2014414764,20140526 15:20,20140526 15:35,36.18900035,-86.80074429,Burglary/Breaking & Entering
2014415584,20140526 16:00,20140526 21:40,36.13905479,-86.70585294,Burglary/Breaking & Entering
2014414930,20140526 16:19,20140526 16:19,36.23356042,-86.79153066,Burglary/Breaking & Entering
2014414967,20140526 16:25,20140526 16:25,36.20852582,-86.76870554,Burglary/Breaking & Entering
2014422167,20140526 18:30,20140528 22:10,36.04994906,-86.66389511,Burglary/Breaking & Entering
2014415263,20140526 19:00,20140526 19:10,36.20183998,-86.73465197,Burglary/Breaking & Entering
2014415545,20140526 20:50,20140526 20:50,36.18500407,-86.75061256,Burglary/Breaking & Entering
2014415717,20140526 21:30,20140526 21:30,36.19402312,-86.72582227,Burglary/Breaking & Entering
2014415899,20140526 23:30,20140527 00:40,36.14502512,-86.85790309,Burglary/Breaking & Entering
2014420550,20140527 00:00,20140528 12:08,36.1365455,-86.78518202,Burglary/Breaking & Entering
2014415989,20140527 00:15,20140527 00:40,36.18416613,-86.75459305,Burglary/Breaking & Entering
2014416456,20140527 03:55,20140527 04:15,36.05338486,-86.71495021,Burglary/Breaking & Entering
2014416835,20140527 08:11,20140527 08:11,36.18198665,-86.80740995,Burglary/Breaking & Entering
2014417874,20140527 09:15,20140527 15:40,36.11811094,-86.74113308,Burglary/Breaking & Entering
2014417252,20140527 11:00,20140527 11:05,36.09818476,-86.72829078,Burglary/Breaking & Entering
2014417311,20140527 12:24,20140527 12:24,36.18264911,-86.61093796,Burglary/Breaking & Entering
2014426570,20140527 13:00,20140530 08:53,36.15785473,-86.67530574,Burglary/Breaking & Entering
2014417815,20140527 14:56,20140527 14:56,36.26461779,-86.66335276,Burglary/Breaking & Entering
2014418238,20140527 17:30,20140527 17:30,36.17919194,-86.67661907,Burglary/Breaking & Entering
2014418303,20140527 17:59,20140527 17:59,36.25847349,-86.77665195,Burglary/Breaking & Entering
2014418348,20140527 18:08,20140527 18:08,36.23598485,-86.66704994,Burglary/Breaking & Entering
2014418308,20140527 18:09,20140527 18:09,36.13422972,-86.80229825,Burglary/Breaking & Entering
2014418709,20140527 20:38,20140527 20:38,36.23620843,-86.79155032,Burglary/Breaking & Entering
2014422749,20140527 21:00,20140529 03:30,36.25114095,-86.74269904,Burglary/Breaking & Entering
2014419404,20140528 02:08,20140528 02:08,36.19436896,-86.76589099,Burglary/Breaking & Entering
2014421934,20140528 06:15,20140528 20:28,36.25525106,-86.70263791,Burglary/Breaking & Entering
2014419955,20140528 07:49,20140528 07:49,36.09166608,-86.73414405,Burglary/Breaking & Entering
2014419970,20140528 07:50,20140528 08:05,36.16438138,-86.75290074,Burglary/Breaking & Entering
2014420858,20140528 08:00,20140528 13:35,36.01506497,-87.01359762,Burglary/Breaking & Entering
2014421905,20140528 09:15,20140528 21:30,36.14229208,-86.84304583,Burglary/Breaking & Entering
2014420625,20140528 12:00,20140528 13:30,36.27216231,-86.71838264,Burglary/Breaking & Entering
2014422436,20140528 13:00,20140529 00:20,36.19361086,-86.81007344,Burglary/Breaking & Entering
2014429610,20140528 15:00,20140531 13:00,36.14063253,-86.83041238,Burglary/Breaking & Entering
2014421994,20140528 19:00,20140528 21:33,36.21468217,-86.85100886,Burglary/Breaking & Entering
2014423351,20140528 20:00,20140529 09:13,36.12599587,-86.7104131,Burglary/Breaking & Entering
2014422239,20140528 21:15,20140529 00:47,36.16178961,-86.83890653,Burglary/Breaking & Entering
2014422801,20140528 21:35,20140529 04:45,36.06581783,-86.69197934,Burglary/Breaking & Entering
2014443123,20140528 22:00,20140605 00:30,36.06058061,-86.63999268,Burglary/Breaking & Entering
2014466085,20140529 00:00,20140612 13:00,36.16739442,-86.75911906,Burglary/Breaking & Entering
2014424273,20140529 07:20,20140529 16:00,36.09422019,-86.73290513,Burglary/Breaking & Entering
2014424572,20140529 07:30,20140529 18:55,36.16098045,-86.85865148,Burglary/Breaking & Entering
2014423434,20140529 09:45,20140529 10:00,36.07246417,-86.65389787,Burglary/Breaking & Entering
2014425299,20140529 10:00,20140529 21:40,36.05876098,-86.71818901,Burglary/Breaking & Entering
2014423853,20140529 12:18,20140529 12:18,36.22518449,-86.83561383,Burglary/Breaking & Entering
2014423957,20140529 13:17,20140529 13:20,36.06697503,-86.7615805,Burglary/Breaking & Entering
2014425112,20140529 13:45,20140529 20:50,36.17181279,-86.80557171,Burglary/Breaking & Entering
2014426093,20140529 16:00,20140530 05:18,36.17555353,-86.79866032,Burglary/Breaking & Entering
2014424552,20140529 16:00,20140529 17:50,36.19111688,-86.74162196,Burglary/Breaking & Entering
2014424549,20140529 16:52,20140529 16:52,36.28057446,-86.72558707,Burglary/Breaking & Entering
2014433004,20140529 18:00,20140601 16:36,36.12675228,-86.71025056,Burglary/Breaking & Entering
2014425720,20140529 21:30,20140530 01:20,36.12945353,-86.71475478,Burglary/Breaking & Entering
2014426303,20140529 22:15,20140530 07:30,36.29766549,-86.69434377,Burglary/Breaking & Entering
2014425379,20140529 22:25,20140529 22:43,36.04394573,-86.6650458,Burglary/Breaking & Entering
2014425869,20140529 22:50,20140530 03:00,36.24562805,-86.71113925,Burglary/Breaking & Entering
2014426643,20140529 23:30,20140530 10:11,36.04478485,-86.66232639,Burglary/Breaking & Entering
2014429587,20140530 00:00,20140531 13:00,36.13509519,-86.70603447,Burglary/Breaking & Entering
2014427105,20140530 00:00,20140530 05:36,36.11415135,-86.79228714,Burglary/Breaking & Entering
2014426306,20140530 00:00,20140530 07:00,36.15281354,-86.70420036,Burglary/Breaking & Entering
2014425659,20140530 00:30,20140530 01:30,36.19474788,-86.83033156,Burglary/Breaking & Entering
2014447174,20140530 06:00,20140606 08:23,36.04891175,-86.78144754,Burglary/Breaking & Entering
2014426807,20140530 10:30,20140530 12:27,36.24767054,-86.71554258,Burglary/Breaking & Entering
2014427406,20140530 10:30,20140530 17:51,36.13103673,-86.77597078,Burglary/Breaking & Entering
2014427009,20140530 11:00,20140530 15:20,36.08506221,-86.954572,Burglary/Breaking & Entering
2014433139,20140530 11:00,20140601 17:50,36.23280129,-86.59272993,Burglary/Breaking & Entering
2014432622,20140530 15:30,20140601 16:00,36.18940308,-86.73572628,Burglary/Breaking & Entering
2014427299,20140530 15:58,20140530 16:52,36.0826185,-86.65775154,Burglary/Breaking & Entering
2014432083,20140530 18:00,20140601 09:55,36.06902583,-86.72022743,Burglary/Breaking & Entering
2014432552,20140530 21:00,20140601 15:40,36.1700639,-86.80459852,Burglary/Breaking & Entering
2014432093,20140530 22:30,20140601 10:00,36.0793276,-86.72708236,Burglary/Breaking & Entering
2014428210,20140530 23:05,20140530 23:55,36.17920729,-86.80401695,Burglary/Breaking & Entering
2014428730,20140531 01:00,20140531 03:20,36.10743206,-86.81208885,Burglary/Breaking & Entering
2014431785,20140531 01:50,20140601 07:45,36.10775262,-86.81262364,Burglary/Breaking & Entering
2014428803,20140531 03:40,20140531 04:15,36.21152259,-86.83494107,Burglary/Breaking & Entering
2014429128,20140531 07:25,20140531 07:25,36.04478485,-86.66232639,Burglary/Breaking & Entering
2014429141,20140531 07:37,20140531 07:37,36.06756609,-86.7185562,Burglary/Breaking & Entering
2014430409,20140531 09:00,20140531 21:30,36.05920195,-86.69402952,Burglary/Breaking & Entering
2014429528,20140531 10:30,20140531 11:50,36.17637655,-86.79758096,Burglary/Breaking & Entering
2014429813,20140531 10:30,20140531 15:45,36.21431984,-86.7278318,Burglary/Breaking & Entering
2014429436,20140531 10:46,20140531 10:46,36.08534406,-86.72703928,Burglary/Breaking & Entering
2014429641,20140531 12:48,20140531 12:48,36.17024619,-86.76559378,Burglary/Breaking & Entering
2014429787,20140531 15:00,20140531 16:15,36.04723234,-86.68303245,Burglary/Breaking & Entering
2014429999,20140531 16:59,20140531 16:59,36.20256817,-86.76600405,Burglary/Breaking & Entering
2014430817,20140531 18:00,20140601 00:30,36.26055139,-86.67541416,Burglary/Breaking & Entering
2014431951,20140531 19:00,20140601 09:10,36.05078449,-86.64717354,Burglary/Breaking & Entering
2014430567,20140531 21:11,20140531 21:11,36.26562013,-86.70795028,Burglary/Breaking & Entering
2014430711,20140531 22:38,20140531 22:38,36.16333793,-86.86051316,Burglary/Breaking & Entering
2014432644,20140531 23:00,20140601 14:20,36.04767084,-86.73728622,Burglary/Breaking & Entering
2014430918,20140531 23:16,20140531 23:16,36.1645945,-86.60020882,Burglary/Breaking & Entering
2014474712,20140601 00:00,20140615 12:00,36.04576323,-86.61776741,Burglary/Breaking & Entering
2014443188,20140601 00:00,20140605 01:46,36.14527332,-86.87156895,Burglary/Breaking & Entering
2014432138,20140601 01:30,20140601 10:30,36.04478485,-86.66232639,Burglary/Breaking & Entering
2014431495,20140601 04:58,20140601 04:58,36.04644333,-86.66346666,Burglary/Breaking & Entering
2014433371,20140601 06:30,20140601 19:30,36.07777386,-86.61644612,Burglary/Breaking & Entering
2014431755,20140601 07:14,20140601 07:14,36.15182459,-86.76077216,Burglary/Breaking & Entering
2014433971,20140601 08:00,20140602 00:30,36.08439271,-86.73892664,Burglary/Breaking & Entering
2014431851,20140601 08:08,20140601 08:08,36.18703957,-86.72682922,Burglary/Breaking & Entering
2014433515,20140601 08:15,20140601 08:30,36.14859516,-86.84208308,Burglary/Breaking & Entering
2014433002,20140601 08:20,20140601 17:20,36.30189336,-86.68804148,Burglary/Breaking & Entering
2014441413,20140601 08:30,20140604 11:46,36.05407844,-86.74822566,Burglary/Breaking & Entering
2014432133,20140601 08:45,20140601 08:45,36.1464905,-86.84449604,Burglary/Breaking & Entering
2014432584,20140601 09:00,20140601 15:14,36.1406289,-86.70584661,Burglary/Breaking & Entering
2014486228,20140601 09:00,20140619 09:30,36.18979221,-86.75545312,Burglary/Breaking & Entering
2014431988,20140601 09:03,20140601 09:03,36.15656942,-86.77277876,Burglary/Breaking & Entering
2014432064,20140601 09:37,20140601 09:37,36.04838397,-86.65774221,Burglary/Breaking & Entering
2014432613,20140601 09:45,20140601 14:00,36.08232628,-86.5866188,Burglary/Breaking & Entering
2014617248,20140601 10:00,20140805 16:40,36.08680968,-86.93914596,Burglary/Breaking & Entering
2014433018,20140601 11:00,20140601 16:30,36.13971801,-86.78270382,Burglary/Breaking & Entering
2014466483,20140601 12:00,20140612 16:00,36.26957315,-86.76343581,Burglary/Breaking & Entering
2014435597,20140601 16:30,20140602 14:33,36.16382963,-86.86359461,Burglary/Breaking & Entering
2014433092,20140601 17:06,20140601 17:06,36.23147447,-86.79835559,Burglary/Breaking & Entering
2014433678,20140601 21:29,20140601 22:30,36.17136928,-86.87405448,Burglary/Breaking & Entering
2014433749,20140601 22:00,20140601 22:30,36.16247877,-86.83895785,Burglary/Breaking & Entering
2014433917,20140601 23:45,20140602 23:43,36.15656942,-86.77277876,Burglary/Breaking & Entering
2014434536,20140602 02:00,20140602 06:15,36.2295228,-86.82872918,Burglary/Breaking & Entering
2014436339,20140602 05:00,20140602 17:05,36.18626397,-86.74545329,Burglary/Breaking & Entering
2014436887,20140602 06:00,20140602 22:30,36.06732661,-86.72368702,Burglary/Breaking & Entering
2014434807,20140602 07:57,20140602 07:57,36.11825359,-86.78797051,Burglary/Breaking & Entering
2014435393,20140602 10:20,20140602 12:00,36.23580602,-86.82701465,Burglary/Breaking & Entering
2014450448,20140602 12:00,20140607 15:35,36.21189475,-86.79818222,Burglary/Breaking & Entering
2014435619,20140602 13:23,20140602 13:23,36.11091673,-86.92912203,Burglary/Breaking & Entering
2014435804,20140602 14:30,20140602 15:40,36.18048318,-86.77183927,Burglary/Breaking & Entering
2014435769,20140602 14:30,20140602 20:00,36.21817382,-86.76300879,Burglary/Breaking & Entering
2014436037,20140602 15:38,20140602 15:38,36.15638094,-86.88463451,Burglary/Breaking & Entering
2014436058,20140602 15:59,20140602 15:59,36.18441608,-86.60809158,Burglary/Breaking & Entering
2014436040,20140602 16:24,20140602 16:24,36.06132797,-86.97431018,Burglary/Breaking & Entering
2014436122,20140602 17:04,20140602 17:04,36.15367666,-86.79478524,Burglary/Breaking & Entering
2014436166,20140602 17:29,20140602 17:29,36.27910526,-86.70414882,Burglary/Breaking & Entering
2014436602,20140602 20:07,20140602 20:37,36.1829044,-86.76995166,Burglary/Breaking & Entering
2014439274,20140602 21:00,20140603 18:15,36.24254915,-86.82753602,Burglary/Breaking & Entering
2014437098,20140603 00:01,20140603 23:25,36.15228955,-86.84096721,Burglary/Breaking & Entering
2014437160,20140603 00:30,20140603 00:44,36.15823302,-86.81390272,Burglary/Breaking & Entering
2014438596,20140603 07:30,20140603 13:25,36.17380675,-86.80398594,Burglary/Breaking & Entering
2014439094,20140603 07:36,20140603 16:57,36.18877724,-86.76914789,Burglary/Breaking & Entering
2014439723,20140603 08:00,20140603 21:15,36.19123947,-86.7227671,Burglary/Breaking & Entering
2014438777,20140603 08:30,20140603 15:00,36.07849395,-86.65896612,Burglary/Breaking & Entering
2014440221,20140603 09:00,20140604 01:00,36.14402043,-86.86203786,Burglary/Breaking & Entering
2014439019,20140603 09:30,20140603 17:03,36.18047014,-86.79166854,Burglary/Breaking & Entering
2014445225,20140603 10:00,20140605 17:05,36.1970229,-86.67417168,Burglary/Breaking & Entering
2014439478,20140603 11:00,20140603 19:45,36.0669648,-86.69029414,Burglary/Breaking & Entering
2014460252,20140603 11:00,20140610 17:00,36.20032898,-86.82485518,Burglary/Breaking & Entering
2014438621,20140603 11:40,20140603 13:15,36.18939128,-86.81661154,Burglary/Breaking & Entering
2014441953,20140603 12:00,20140604 16:00,36.18048318,-86.77183927,Burglary/Breaking & Entering
2014439704,20140603 14:00,20140603 21:20,36.18939128,-86.81661154,Burglary/Breaking & Entering
2014438851,20140603 15:10,20140603 16:50,36.22384109,-86.75818464,Burglary/Breaking & Entering
2014439197,20140603 16:30,20140603 18:00,36.27270165,-86.77428099,Burglary/Breaking & Entering
2014440967,20140603 17:00,20140604 09:20,36.00706513,-86.6880667,Burglary/Breaking & Entering
2014442493,20140603 19:00,20140604 19:30,36.06910333,-86.72013,Burglary/Breaking & Entering
2014458975,20140603 23:00,20140610 09:00,36.12151049,-86.80725885,Burglary/Breaking & Entering
2014441714,20140603 23:00,20140604 14:35,36.08273191,-86.70664867,Burglary/Breaking & Entering
2014441464,20140604 00:00,20140604 12:25,36.20345317,-86.73499229,Burglary/Breaking & Entering
2014468932,20140604 00:00,20140613 11:30,36.20111894,-86.75841484,Burglary/Breaking & Entering
2014442455,20140604 07:00,20140604 19:25,36.18219485,-86.80749678,Burglary/Breaking & Entering
2014442556,20140604 07:15,20140604 19:29,36.21011088,-86.81844858,Burglary/Breaking & Entering
2014441666,20140604 09:30,20140604 14:20,36.13593989,-86.71048515,Burglary/Breaking & Entering
2014442495,20140604 12:00,20140604 19:25,36.21322281,-86.76096791,Burglary/Breaking & Entering
2014443217,20140604 15:00,20140605 00:50,36.22835711,-86.72783182,Burglary/Breaking & Entering
2014442132,20140604 16:00,20140604 17:00,36.06983381,-86.63357723,Burglary/Breaking & Entering
2014445642,20140604 17:00,20140605 20:30,36.27233692,-86.71673213,Burglary/Breaking & Entering
2014450522,20140604 18:00,20140607 16:07,36.19247137,-86.75400781,Burglary/Breaking & Entering
2014444225,20140604 21:00,20140605 10:00,36.15054427,-86.69570888,Burglary/Breaking & Entering
2014442933,20140604 22:18,20140604 22:40,36.17190028,-86.80522362,Burglary/Breaking & Entering
2014443126,20140604 23:39,20140604 23:59,36.18561777,-86.76747713,Burglary/Breaking & Entering
2014466067,20140605 00:00,20140612 13:05,36.13552358,-86.69850999,Burglary/Breaking & Entering
2014443214,20140605 00:30,20140605 17:30,36.15282601,-86.6377286,Burglary/Breaking & Entering
2014444737,20140605 03:00,20140605 13:40,36.19436896,-86.76589099,Burglary/Breaking & Entering
2014444259,20140605 03:00,20140605 10:16,36.27062131,-86.70295737,Burglary/Breaking & Entering
2014447289,20140605 04:30,20140606 10:00,36.06795616,-86.63174523,Burglary/Breaking & Entering
2014443776,20140605 06:00,20140605 06:15,36.22704907,-86.82330906,Burglary/Breaking & Entering
2014445000,20140605 06:00,20140605 15:45,36.23792812,-86.80731503,Burglary/Breaking & Entering
2014443933,20140605 06:58,20140605 07:37,36.04839706,-86.65735668,Burglary/Breaking & Entering
2014445573,20140605 07:00,20140605 19:50,36.07151948,-86.6311611,Burglary/Breaking & Entering
2014443841,20140605 07:01,20140605 07:37,36.04839706,-86.65735668,Burglary/Breaking & Entering
2014444781,20140605 08:30,20140605 14:15,36.20131475,-86.76439217,Burglary/Breaking & Entering
2014444366,20140605 10:50,20140605 13:00,36.16071214,-86.85736465,Burglary/Breaking & Entering
2014444759,20140605 12:50,20140605 14:15,36.21981844,-86.87076436,Burglary/Breaking & Entering
2014448168,20140605 21:00,20140606 19:00,36.05078449,-86.64717354,Burglary/Breaking & Entering
2014453148,20140605 23:00,20140608 12:30,36.15309576,-86.7695507,Burglary/Breaking & Entering
2014446274,20140605 23:00,20140606 00:15,36.15233152,-86.83967371,Burglary/Breaking & Entering
2014446936,20140606 00:01,20140606 05:50,36.04478485,-86.66232639,Burglary/Breaking & Entering
2014447927,20140606 00:10,20140606 16:00,36.07072854,-86.64204039,Burglary/Breaking & Entering
2014447663,20140606 01:00,20140606 14:00,36.24580465,-86.77830485,Burglary/Breaking & Entering
2014446723,20140606 03:00,20140606 04:00,36.07882754,-86.72846189,Burglary/Breaking & Entering
2014446836,20140606 03:57,20140606 04:50,36.04478485,-86.66232639,Burglary/Breaking & Entering
2014446950,20140606 05:45,20140606 06:00,36.14913325,-86.82944113,Burglary/Breaking & Entering
2014447212,20140606 06:00,20140606 09:15,36.19243692,-86.75950442,Burglary/Breaking & Entering
2014448303,20140606 06:30,20140606 19:00,36.25132969,-86.74282968,Burglary/Breaking & Entering
2014447658,20140606 10:00,20140606 13:30,36.19487635,-86.73553642,Burglary/Breaking & Entering
2014447619,20140606 10:15,20140606 13:15,36.12134462,-86.92091787,Burglary/Breaking & Entering
2014514928,20140606 12:00,20140629 20:50,36.13020682,-86.87894499,Burglary/Breaking & Entering
2014452485,20140606 12:00,20140608 08:30,36.157041,-86.70893967,Burglary/Breaking & Entering
2014449277,20140606 14:30,20140607 00:00,36.0379575,-86.65945198,Burglary/Breaking & Entering
2014447838,20140606 15:11,20140606 15:11,36.24892628,-86.64110628,Burglary/Breaking & Entering
2014448703,20140606 16:00,20140606 22:00,36.0608714,-86.64161903,Burglary/Breaking & Entering
2014448079,20140606 17:00,20140606 17:35,36.19222847,-86.61138452,Burglary/Breaking & Entering
2014448098,20140606 17:25,20140606 17:38,36.25360655,-86.77696377,Burglary/Breaking & Entering
2014453116,20140606 17:30,20140608 13:15,36.11772461,-86.80443384,Burglary/Breaking & Entering
2014450130,20140606 19:00,20140607 11:08,36.04838397,-86.65774221,Burglary/Breaking & Entering
2014448882,20140606 21:50,20140606 23:30,36.19436896,-86.76589099,Burglary/Breaking & Entering
2014449342,20140607 01:30,20140607 02:47,36.0734186,-86.92080564,Burglary/Breaking & Entering
2014449665,20140607 01:45,20140607 06:00,36.16024944,-86.77679504,Burglary/Breaking & Entering
2014449604,20140607 01:45,20140607 06:00,36.16024944,-86.77679504,Burglary/Breaking & Entering
2014449479,20140607 03:57,20140607 04:20,36.07882754,-86.72846189,Burglary/Breaking & Entering
2014449509,20140607 04:00,20140607 05:00,36.27772466,-86.70959189,Burglary/Breaking & Entering
2014467159,20140607 15:00,20140612 19:50,36.14773833,-86.7887916,Burglary/Breaking & Entering
2014451194,20140607 20:00,20140607 21:15,36.18002104,-86.79771247,Burglary/Breaking & Entering
2014451345,20140607 22:17,20140607 23:30,36.088013,-86.71715721,Burglary/Breaking & Entering
2014453481,20140607 23:00,20140608 15:10,36.16011689,-86.79712283,Burglary/Breaking & Entering
2014452138,20140608 04:00,20140608 04:30,36.30001684,-86.69626138,Burglary/Breaking & Entering
2014454068,20140608 06:00,20140608 19:30,36.09386934,-86.64365864,Burglary/Breaking & Entering
2014453168,20140608 07:10,20140608 13:01,36.05553934,-86.67724765,Burglary/Breaking & Entering
2014452967,20140608 08:45,20140608 11:20,36.04896114,-86.69394347,Burglary/Breaking & Entering
2014453316,20140608 09:00,20140608 14:20,36.06045116,-86.73755269,Burglary/Breaking & Entering
2014453042,20140608 09:00,20140608 11:20,36.04888022,-86.69384132,Burglary/Breaking & Entering
2014453776,20140608 09:00,20140608 17:15,36.14566758,-86.82566566,Burglary/Breaking & Entering
2014453380,20140608 09:00,20140608 16:15,36.05518146,-86.70139667,Burglary/Breaking & Entering
2014453267,20140608 10:16,20140608 10:16,36.24581302,-86.70817696,Burglary/Breaking & Entering
2014454535,20140608 12:30,20140608 12:30,36.2010758,-86.75828563,Burglary/Breaking & Entering
2014474787,20140608 12:30,20140615 12:28,36.32062633,-86.89955834,Burglary/Breaking & Entering
2014474715,20140608 13:00,20140615 11:50,36.12987617,-86.86463738,Burglary/Breaking & Entering
2014453326,20140608 13:55,20140608 14:00,36.25201537,-86.72856795,Burglary/Breaking & Entering
2014453381,20140608 14:15,20140608 14:29,36.22780796,-86.80072933,Burglary/Breaking & Entering
2014463636,20140608 14:35,20140611 18:10,36.04993361,-86.69156609,Burglary/Breaking & Entering
2014469998,20140608 14:45,20140613 20:00,36.07690531,-86.60788118,Burglary/Breaking & Entering
2014453957,20140608 16:00,20140608 19:00,36.09059164,-86.72145189,Burglary/Breaking & Entering
2014454045,20140608 18:00,20140608 19:30,36.15815236,-86.83365767,Burglary/Breaking & Entering
2014457167,20140609 05:30,20140609 18:47,36.16189848,-86.85199101,Burglary/Breaking & Entering
2014456903,20140609 06:30,20140609 18:17,36.07081961,-86.6419633,Burglary/Breaking & Entering
2014499588,20140609 08:00,20140624 06:10,36.16568046,-86.80033281,Burglary/Breaking & Entering
2014456178,20140609 09:00,20140609 12:25,36.09717428,-86.72089902,Burglary/Breaking & Entering
2014455810,20140609 10:00,20140609 10:19,36.26788764,-86.70208507,Burglary/Breaking & Entering
2014455833,20140609 10:10,20140609 12:30,36.18955221,-86.81230254,Burglary/Breaking & Entering
2014456567,20140609 12:45,20140609 15:30,36.03713324,-86.66097734,Burglary/Breaking & Entering
2014456605,20140609 14:33,20140609 14:33,36.20287202,-86.72387637,Burglary/Breaking & Entering
2014456691,20140609 15:34,20140609 15:34,36.15227835,-86.66985563,Burglary/Breaking & Entering
2014456898,20140609 16:43,20140609 16:43,36.37356342,-86.73017939,Burglary/Breaking & Entering
2014469631,20140609 17:30,20140613 18:00,36.21260601,-86.81181663,Burglary/Breaking & Entering
2014458826,20140609 18:00,20140610 06:48,36.11239684,-86.74160113,Burglary/Breaking & Entering
2014467397,20140609 18:00,20140612 21:26,36.17422855,-86.80869646,Burglary/Breaking & Entering
2014457128,20140609 18:24,20140609 18:24,36.11173939,-86.71998511,Burglary/Breaking & Entering
2014457820,20140609 18:40,20140609 18:40,36.08389832,-86.73891189,Burglary/Breaking & Entering
2014458422,20140610 03:20,20140610 03:20,36.12687096,-86.70500305,Burglary/Breaking & Entering
2014458788,20140610 06:14,20140610 06:14,36.15281354,-86.70420036,Burglary/Breaking & Entering
2014460328,20140610 08:15,20140610 17:30,36.20031687,-86.72485968,Burglary/Breaking & Entering
2014460106,20140610 09:00,20140610 15:55,36.03269115,-86.98780271,Burglary/Breaking & Entering
2014459738,20140610 10:00,20140610 13:50,36.27171812,-86.76132606,Burglary/Breaking & Entering
2014459640,20140610 11:15,20140610 13:00,36.23737064,-86.77026698,Burglary/Breaking & Entering
2014459690,20140610 13:00,20140610 13:10,36.07955048,-86.6208762,Burglary/Breaking & Entering
2014460050,20140610 15:15,20140610 15:15,36.09972648,-86.77960506,Burglary/Breaking & Entering
2014460224,20140610 15:35,20140610 15:35,36.13945277,-86.76668197,Burglary/Breaking & Entering
2014460626,20140610 16:56,20140610 16:56,36.14313248,-86.83557308,Burglary/Breaking & Entering
2014462233,20140610 17:00,20140611 07:58,36.15971144,-86.8532074,Burglary/Breaking & Entering
2014461006,20140610 17:15,20140610 21:10,36.09058214,-86.63472426,Burglary/Breaking & Entering
2014460453,20140610 18:00,20140610 18:00,36.17995971,-86.7978474,Burglary/Breaking & Entering
2014462313,20140610 19:00,20140611 08:55,36.16146148,-86.83908261,Burglary/Breaking & Entering
2014462692,20140610 21:30,20140611 11:14,36.06775787,-86.74932221,Burglary/Breaking & Entering
2014461450,20140610 23:00,20140611 00:09,36.21322281,-86.76096791,Burglary/Breaking & Entering
2014460680,20140610 23:09,20140610 23:09,36.1138479,-86.73341808,Burglary/Breaking & Entering
2014463993,20140611 00:00,20140611 20:33,36.17206913,-86.79174058,Burglary/Breaking & Entering
2014461515,20140611 00:25,20140611 01:00,36.20240635,-86.7036679,Burglary/Breaking & Entering
2014461607,20140611 01:00,20140611 02:30,36.19021176,-86.76646763,Burglary/Breaking & Entering
2014462509,20140611 01:30,20140611 10:05,36.22136562,-86.76174104,Burglary/Breaking & Entering
2014475409,20140611 06:00,20140615 17:05,36.07763354,-86.9116452,Burglary/Breaking & Entering
2014463638,20140611 06:00,20140611 18:10,36.06910333,-86.72013,Burglary/Breaking & Entering
2014463468,20140611 06:30,20140611 20:04,36.24946003,-86.67818539,Burglary/Breaking & Entering
2014463811,20140611 07:00,20140611 19:22,36.05577815,-86.68891475,Burglary/Breaking & Entering
2014466812,20140611 08:00,20140612 18:40,36.29661765,-86.92072239,Burglary/Breaking & Entering
2014507466,20140611 10:00,20140626 21:46,36.09878335,-86.65707978,Burglary/Breaking & Entering
2014462679,20140611 10:53,20140611 11:10,36.11892204,-86.98921743,Burglary/Breaking & Entering
2014462704,20140611 11:15,20140611 12:00,36.02918549,-86.58788383,Burglary/Breaking & Entering
2014463175,20140611 16:00,20140611 16:14,36.17013952,-86.79108098,Burglary/Breaking & Entering
2014463733,20140611 18:00,20140611 19:29,36.1660816,-86.78060928,Burglary/Breaking & Entering
2014463726,20140611 18:00,20140611 19:09,36.1660816,-86.78060928,Burglary/Breaking & Entering
2014474908,20140611 19:00,20140615 12:48,36.27964059,-86.70278971,Burglary/Breaking & Entering
2014464391,20140611 22:00,20140611 23:05,36.25836617,-86.77668142,Burglary/Breaking & Entering
2014464351,20140611 22:00,20140611 22:24,36.189655,-86.81417087,Burglary/Breaking & Entering
2014468665,20140612 00:01,20140613 08:29,36.15182811,-86.85114448,Burglary/Breaking & Entering
2014487475,20140612 00:01,20140619 18:45,36.1180237,-86.74147085,Burglary/Breaking & Entering
2014464959,20140612 02:40,20140612 03:35,36.06910333,-86.72013,Burglary/Breaking & Entering
2014465469,20140612 03:45,20140612 08:25,36.23856087,-86.79932556,Burglary/Breaking & Entering
2014465249,20140612 04:30,20140612 06:15,36.1915973,-86.63363468,Burglary/Breaking & Entering
2014466868,20140612 06:45,20140612 18:08,36.07077213,-86.62538923,Burglary/Breaking & Entering
2014466392,20140612 07:30,20140612 15:30,36.12466944,-86.72466003,Burglary/Breaking & Entering
2014465730,20140612 09:42,20140612 10:09,36.25767618,-86.76209,Burglary/Breaking & Entering
2014465716,20140612 09:55,20140612 11:20,36.15938431,-86.82398584,Burglary/Breaking & Entering
2014498527,20140612 10:00,20140623 20:20,36.05614064,-86.95134883,Burglary/Breaking & Entering
2014465873,20140612 11:02,20140612 11:18,36.14345342,-86.83006933,Burglary/Breaking & Entering
2014466991,20140612 12:15,20140612 18:59,36.2002581,-86.73277658,Burglary/Breaking & Entering
2014467816,20140612 13:00,20140613 00:30,36.16955792,-86.74475766,Burglary/Breaking & Entering
2014466165,20140612 13:04,20140612 13:45,36.18964505,-86.73838878,Burglary/Breaking & Entering
2014481847,20140612 13:30,20140617 19:54,36.14243617,-86.83932179,Burglary/Breaking & Entering
2014469040,20140612 16:00,20140613 12:35,36.11280118,-86.72066847,Burglary/Breaking & Entering
2014467341,20140612 16:00,20140612 21:00,36.1834359,-86.80140651,Burglary/Breaking & Entering
2014475331,20140612 16:30,20140615 16:30,36.05277213,-86.58734788,Burglary/Breaking & Entering
2014492606,20140612 21:00,20140621 15:50,36.14402043,-86.86203786,Burglary/Breaking & Entering
2014468183,20140613 00:00,20140613 03:00,36.2269957,-86.75977102,Burglary/Breaking & Entering
2014486864,20140613 00:00,20140619 14:07,36.1208923,-86.77928467,Burglary/Breaking & Entering
2014470613,20140613 00:32,20140614 00:32,36.1099488,-86.74478092,Burglary/Breaking & Entering
2014467961,20140613 00:57,20140613 01:30,36.14624748,-86.76042065,Burglary/Breaking & Entering
2014468135,20140613 02:00,20140613 02:45,36.21433362,-86.79409139,Burglary/Breaking & Entering
2014468204,20140613 02:30,20140613 02:40,36.13059328,-86.7888583,Burglary/Breaking & Entering
2014473353,20140613 03:30,20140615 01:15,36.16467159,-86.59961993,Burglary/Breaking & Entering
2014468927,20140613 08:45,20140613 11:03,36.15548176,-86.82141153,Burglary/Breaking & Entering
2014469688,20140613 08:50,20140613 18:00,36.27151577,-86.70643568,Burglary/Breaking & Entering
2014469858,20140613 09:00,20140613 18:59,36.28184659,-86.70370159,Burglary/Breaking & Entering
2014470522,20140613 12:00,20140613 23:45,36.17857658,-86.79011809,Burglary/Breaking & Entering
2014469439,20140613 14:01,20140613 14:01,36.33283115,-86.73625087,Burglary/Breaking & Entering
2014469410,20140613 14:15,20140613 16:00,36.14508587,-86.83514656,Burglary/Breaking & Entering
2014472474,20140613 15:00,20140614 17:55,36.17805576,-86.74367521,Burglary/Breaking & Entering
2014471731,20140613 16:00,20140614 11:10,36.08422064,-86.62458133,Burglary/Breaking & Entering
2014480335,20140613 16:00,20140617 09:35,36.05677491,-86.60616417,Burglary/Breaking & Entering
2014473283,20140613 16:00,20140614 00:21,36.07546014,-86.92934695,Burglary/Breaking & Entering
2014472486,20140613 16:00,20140614 18:30,36.16704208,-86.73932018,Burglary/Breaking & Entering
2014470932,20140613 16:30,20140614 02:45,36.04393751,-86.66504234,Burglary/Breaking & Entering
2014477202,20140613 17:00,20140616 07:30,36.2026818,-86.72444745,Burglary/Breaking & Entering
2014470198,20140613 18:00,20140613 21:24,36.09884194,-86.66841315,Burglary/Breaking & Entering
2014470367,20140613 19:00,20140614 02:30,36.20396811,-86.59622251,Burglary/Breaking & Entering
2014470759,20140613 20:00,20140614 01:20,36.25162316,-86.75750413,Burglary/Breaking & Entering
2014477698,20140613 21:00,20140616 12:00,36.0618379,-86.93383652,Burglary/Breaking & Entering
2014470248,20140613 21:11,20140613 21:44,36.20933942,-86.76646944,Burglary/Breaking & Entering
2014470753,20140613 22:50,20140614 01:45,36.04580577,-86.6539593,Burglary/Breaking & Entering
2014471440,20140613 23:30,20140614 07:20,36.05965824,-86.8543695,Burglary/Breaking & Entering
2014494447,20140614 00:00,20140622 08:30,36.0032381,-86.62670407,Burglary/Breaking & Entering
2014474376,20140614 00:00,20140615 09:00,36.16497787,-86.76072548,Burglary/Breaking & Entering
2014471396,20140614 01:00,20140614 06:30,36.19650158,-86.78245748,Burglary/Breaking & Entering
2014470880,20140614 01:50,20140614 02:10,36.08986697,-86.73320004,Burglary/Breaking & Entering
2014472316,20140614 15:30,20140614 17:00,36.13501821,-86.8113246,Burglary/Breaking & Entering
2014474245,20140614 17:00,20140615 08:12,36.03713324,-86.66097734,Burglary/Breaking & Entering
2014474897,20140614 18:00,20140615 13:15,36.08416632,-86.60561171,Burglary/Breaking & Entering
2014474499,20140614 19:00,20140615 10:15,36.04732686,-86.74274962,Burglary/Breaking & Entering
2014474161,20140614 21:30,20140615 07:45,36.04596559,-86.67512776,Burglary/Breaking & Entering
2014474422,20140614 22:00,20140615 09:19,36.04890867,-86.67316556,Burglary/Breaking & Entering
2014471505,20140614 22:30,20140614 22:30,36.04580577,-86.6539593,Burglary/Breaking & Entering
2014483815,20140615 00:00,20140618 13:50,36.1186102,-86.92033087,Burglary/Breaking & Entering
2014474325,20140615 04:30,20140615 08:37,36.04838906,-86.65781668,Burglary/Breaking & Entering
2014474118,20140615 06:32,20140615 06:32,36.26043466,-86.67712945,Burglary/Breaking & Entering
2014475058,20140615 07:05,20140615 15:15,36.04965753,-87.03913717,Burglary/Breaking & Entering
2014475813,20140615 07:30,20140615 20:14,36.21835015,-86.72684838,Burglary/Breaking & Entering
2010121998,20140615 08:00,20100125 16:31,36.0491899,-86.78126335,Burglary/Breaking & Entering
2014475631,20140615 09:30,20140615 18:40,36.06707238,-86.69021725,Burglary/Breaking & Entering
2014490235,20140615 10:00,20140620 19:30,36.34313086,-86.89604166,Burglary/Breaking & Entering
2014474890,20140615 12:40,20140615 13:00,36.18425781,-86.82296665,Burglary/Breaking & Entering
2014474984,20140615 13:45,20140615 14:29,36.1455517,-86.83014208,Burglary/Breaking & Entering
2014475148,20140615 14:39,20140615 14:39,36.17021477,-86.79091572,Burglary/Breaking & Entering
2014475514,20140615 17:44,20140615 17:44,36.0818852,-86.72113254,Burglary/Breaking & Entering
2014476021,20140615 18:30,20140615 21:10,36.16670805,-86.8187361,Burglary/Breaking & Entering
2014476078,20140615 18:35,20140615 18:35,36.21315883,-86.75672317,Burglary/Breaking & Entering
2014476075,20140615 18:37,20140615 18:37,36.17305807,-86.73843433,Burglary/Breaking & Entering
2014478437,20140615 19:00,20140616 17:30,36.20770961,-86.63133644,Burglary/Breaking & Entering
2014476064,20140615 19:41,20140615 19:41,36.17590731,-86.74727376,Burglary/Breaking & Entering
2014476330,20140615 21:54,20140615 21:54,36.27105663,-86.71025136,Burglary/Breaking & Entering
2014475089,20140615 22:00,20140615 22:00,36.24944851,-86.73646332,Burglary/Breaking & Entering
2014476215,20140615 22:25,20140615 22:25,36.18844933,-86.80799421,Burglary/Breaking & Entering
2014477055,20140616 05:55,20140616 05:55,36.20832288,-86.73240705,Burglary/Breaking & Entering
2014478349,20140616 07:00,20140616 16:15,36.12400542,-86.70600019,Burglary/Breaking & Entering
2014480198,20140616 08:15,20140617 07:45,36.17536959,-86.72645804,Burglary/Breaking & Entering
2014478776,20140616 08:20,20140616 20:15,36.03802002,-86.65957426,Burglary/Breaking & Entering
2014482303,20140616 08:30,20140617 04:10,36.11381389,-86.81082356,Burglary/Breaking & Entering
2014479209,20140616 09:00,20140616 22:55,36.18749218,-86.7431808,Burglary/Breaking & Entering
2014479324,20140616 11:00,20140616 23:37,36.05290018,-86.67514122,Burglary/Breaking & Entering
2014496193,20140616 11:00,20140622 23:09,36.14683561,-86.83675689,Burglary/Breaking & Entering
2014480274,20140616 12:00,20140617 08:50,36.0686912,-86.71506425,Burglary/Breaking & Entering
2014478128,20140616 14:25,20140616 14:31,36.2139599,-86.76343944,Burglary/Breaking & Entering
2014479440,20140616 14:30,20140617 01:55,36.24360626,-86.7698528,Burglary/Breaking & Entering
2014478175,20140616 14:55,20140616 15:22,36.17832009,-86.98794525,Burglary/Breaking & Entering
2014478457,20140616 15:30,20140616 17:08,36.08021115,-86.93806622,Burglary/Breaking & Entering
2014478334,20140616 15:50,20140616 15:50,36.17032627,-86.7906695,Burglary/Breaking & Entering
2014478450,20140616 16:30,20140616 17:30,36.2976579,-86.69135405,Burglary/Breaking & Entering
2014492207,20140616 17:00,20140621 12:19,36.07719868,-86.73746888,Burglary/Breaking & Entering
2014479261,20140616 17:30,20140616 23:45,36.14193546,-86.78473408,Burglary/Breaking & Entering
2014479225,20140616 17:40,20140616 23:30,36.18624331,-86.72813336,Burglary/Breaking & Entering
2014480226,20140616 19:00,20140617 08:00,36.06842284,-86.70746884,Burglary/Breaking & Entering
2014479016,20140616 20:58,20140616 20:58,36.27160103,-86.71945632,Burglary/Breaking & Entering
2014479274,20140616 22:00,20140617 00:19,36.12791394,-86.79276988,Burglary/Breaking & Entering
2014479193,20140616 22:30,20140616 22:45,36.06983381,-86.63357723,Burglary/Breaking & Entering
2014480310,20140617 00:00,20140617 08:50,36.08974553,-86.7004868,Burglary/Breaking & Entering
2014483285,20140617 00:00,20140618 09:23,36.05751085,-86.71359344,Burglary/Breaking & Entering
2014479445,20140617 00:27,20140617 01:00,36.03552405,-86.77519057,Burglary/Breaking & Entering
2014479455,20140617 00:33,20140617 00:45,36.17033052,-86.7946234,Burglary/Breaking & Entering
2014479911,20140617 04:00,20140617 04:36,36.20761186,-86.83835396,Burglary/Breaking & Entering
2014481605,20140617 05:15,20140617 18:15,36.21176941,-86.59737267,Burglary/Breaking & Entering
2014490344,20140617 07:00,20140620 19:30,36.13623325,-86.78377349,Burglary/Breaking & Entering
2014482364,20140617 07:30,20140617 23:40,36.03822381,-86.64373286,Burglary/Breaking & Entering
2014483830,20140617 07:30,20140618 11:52,36.04959152,-86.74303127,Burglary/Breaking & Entering
2014481500,20140617 08:00,20140617 17:30,36.09050735,-86.61145449,Burglary/Breaking & Entering
2014482558,20140617 09:00,20140618 01:14,36.1655458,-86.8126734,Burglary/Breaking & Entering
2014480425,20140617 09:18,20140617 09:18,36.18923669,-86.72645964,Burglary/Breaking & Entering
2014480701,20140617 11:43,20140617 11:43,36.15000004,-86.83955759,Burglary/Breaking & Entering
2014482450,20140617 13:30,20140618 01:00,36.22757058,-86.77092447,Burglary/Breaking & Entering
2014481479,20140617 13:48,20140617 13:48,36.19261927,-86.74434042,Burglary/Breaking & Entering
2014481125,20140617 14:00,20140617 15:15,36.05079132,-86.69431804,Burglary/Breaking & Entering
2014481064,20140617 14:09,20140617 14:09,36.21493221,-86.73241046,Burglary/Breaking & Entering
2014481799,20140617 14:30,20140617 20:00,36.07393752,-86.5959607,Burglary/Breaking & Entering
2014482311,20140617 15:30,20140617 23:30,36.16722906,-86.74864883,Burglary/Breaking & Entering
2014481550,20140617 16:55,20140617 16:55,36.05917887,-86.73993385,Burglary/Breaking & Entering
2014486111,20140617 17:00,20140619 08:51,36.05906685,-86.7110801,Burglary/Breaking & Entering
2014482982,20140617 17:00,20140618 07:16,36.01511009,-86.66484518,Burglary/Breaking & Entering
2014483188,20140617 17:00,20140618 08:46,36.12217833,-86.77709639,Burglary/Breaking & Entering
2014482191,20140617 18:00,20140617 22:07,36.16089253,-86.81507502,Burglary/Breaking & Entering
2014481730,20140617 18:39,20140617 18:39,36.08641868,-86.93643711,Burglary/Breaking & Entering
2014483041,20140617 19:05,20140618 07:26,36.17532615,-86.78811714,Burglary/Breaking & Entering
2014482163,20140617 19:37,20140617 19:37,36.10738529,-86.72502027,Burglary/Breaking & Entering
2014484809,20140617 23:00,20140618 20:45,36.18035587,-86.80890462,Burglary/Breaking & Entering
2014484147,20140618 00:00,20140618 16:01,36.08310192,-86.65524101,Burglary/Breaking & Entering
2014484709,20140618 01:00,20140618 22:28,36.13784512,-86.78345412,Burglary/Breaking & Entering
2014484226,20140618 06:30,20140618 16:40,36.05963193,-86.73952192,Burglary/Breaking & Entering
2014485943,20140618 07:00,20140619 07:30,36.09557144,-86.61067435,Burglary/Breaking & Entering
2014490130,20140618 09:00,20140620 17:32,36.08018875,-86.63336877,Burglary/Breaking & Entering
2014483276,20140618 09:12,20140618 09:12,36.21936041,-86.7296884,Burglary/Breaking & Entering
2014485455,20140618 12:30,20140619 03:10,36.20736521,-86.59082471,Burglary/Breaking & Entering
2014483847,20140618 12:53,20140618 12:53,36.19601366,-86.72049583,Burglary/Breaking & Entering
2014490199,20140618 13:00,20140620 18:10,36.06707238,-86.69021725,Burglary/Breaking & Entering
2014485231,20140618 15:00,20140619 00:05,36.16803473,-86.73916342,Burglary/Breaking & Entering
2014492894,20140618 15:00,20140621 17:50,36.17976632,-86.61116651,Burglary/Breaking & Entering
2014484266,20140618 15:21,20140618 15:21,36.24082745,-86.67355061,Burglary/Breaking & Entering
2014483911,20140618 15:41,20140618 15:41,36.09160989,-86.64911049,Burglary/Breaking & Entering
2014486764,20140618 16:00,20140619 13:30,36.24256793,-86.67669878,Burglary/Breaking & Entering
2014484208,20140618 16:09,20140618 16:09,36.13609217,-86.78856074,Burglary/Breaking & Entering
2014485702,20140618 17:00,20140619 04:05,36.08172933,-86.71362485,Burglary/Breaking & Entering
2014485043,20140618 17:00,20140618 22:39,36.120744,-86.73732818,Burglary/Breaking & Entering
2014484541,20140618 17:23,20140618 17:23,36.24341172,-86.67710614,Burglary/Breaking & Entering
2014484509,20140618 17:51,20140618 18:10,36.1037797,-86.72112824,Burglary/Breaking & Entering
2014484978,20140618 19:53,20140618 19:53,36.07072854,-86.64204039,Burglary/Breaking & Entering
2014485104,20140618 21:00,20140618 23:49,36.28526031,-86.89602508,Burglary/Breaking & Entering
2014485966,20140619 00:00,20140619 07:45,36.21467197,-86.60420484,Burglary/Breaking & Entering
2014485297,20140619 00:15,20140619 20:31,36.18234775,-86.80640383,Burglary/Breaking & Entering
2014488622,20140619 01:11,20140620 01:30,36.06876921,-86.73000739,Burglary/Breaking & Entering
2014487235,20140619 07:00,20140619 16:50,36.16675229,-86.86209169,Burglary/Breaking & Entering
2014487997,20140619 07:30,20140619 21:30,36.18378297,-86.71091021,Burglary/Breaking & Entering
2014487292,20140619 07:30,20140619 18:30,36.21605669,-86.71575905,Burglary/Breaking & Entering
2014487004,20140619 08:00,20140619 16:30,36.21342202,-86.7350135,Burglary/Breaking & Entering
2014526023,20140619 09:00,20140703 19:15,36.33556852,-86.77857604,Burglary/Breaking & Entering
2014487674,20140619 09:30,20140619 19:22,36.0470982,-86.74285574,Burglary/Breaking & Entering
2014486494,20140619 10:00,20140619 11:30,36.11101244,-86.74736388,Burglary/Breaking & Entering
2014487073,20140619 10:50,20140619 16:24,36.32233514,-86.87024856,Burglary/Breaking & Entering
2014502978,20140619 12:00,20140625 09:00,36.12710254,-86.70720951,Burglary/Breaking & Entering
2014493726,20140619 13:00,20140622 00:31,36.20819115,-86.76300088,Burglary/Breaking & Entering
2014495943,20140619 18:00,20140622 21:20,36.2509765,-86.70173519,Burglary/Breaking & Entering
2014489076,20140619 20:00,20140620 06:07,36.1286771,-86.63346098,Burglary/Breaking & Entering
2014498087,20140619 20:00,20140623 16:30,36.140346,-86.78202588,Burglary/Breaking & Entering
2014495005,20140620 00:01,20140622 14:00,36.06707238,-86.69021725,Burglary/Breaking & Entering
2014492316,20140620 01:00,20140621 11:40,36.17450948,-86.61259988,Burglary/Breaking & Entering
2014488598,20140620 01:00,20140620 02:15,36.17720154,-86.75384237,Burglary/Breaking & Entering
2014490126,20140620 02:00,20140620 21:00,36.15050152,-86.83100678,Burglary/Breaking & Entering
2014488900,20140620 03:18,20140620 06:08,36.05861694,-86.69039037,Burglary/Breaking & Entering
2014488932,20140620 03:50,20140620 04:45,36.06265417,-86.71671856,Burglary/Breaking & Entering
2014488971,20140620 04:20,20140620 05:00,36.16916498,-86.68203225,Burglary/Breaking & Entering
2014489005,20140620 04:53,20140620 05:30,36.08075978,-86.69810969,Burglary/Breaking & Entering
2014489710,20140620 05:00,20140620 13:40,36.1380569,-86.78341557,Burglary/Breaking & Entering
2014509305,20140620 07:00,20140627 16:30,36.16520869,-86.85587854,Burglary/Breaking & Entering
2014489524,20140620 07:30,20140620 12:03,36.00357846,-86.6706248,Burglary/Breaking & Entering
2014519295,20140620 09:00,20140701 11:30,36.20111144,-86.72931038,Burglary/Breaking & Entering
2014491081,20140620 10:00,20140621 00:30,36.22893595,-86.69865479,Burglary/Breaking & Entering
2014490409,20140620 11:00,20140620 19:35,36.18699976,-86.74995708,Burglary/Breaking & Entering
2014490448,20140620 11:00,20140620 20:15,36.28550544,-86.78744871,Burglary/Breaking & Entering
2014489806,20140620 11:15,20140620 15:50,36.10257303,-86.89320563,Burglary/Breaking & Entering
2014494864,20140620 12:30,20140622 12:15,36.11222636,-86.74162662,Burglary/Breaking & Entering
2014492988,20140620 13:00,20140621 18:36,36.08997654,-86.64015506,Burglary/Breaking & Entering
2014490042,20140620 14:00,20140620 17:00,36.03814129,-86.65950086,Burglary/Breaking & Entering
2014490941,20140620 18:00,20140620 23:40,36.17093574,-86.74939191,Burglary/Breaking & Entering
2014493798,20140621 00:00,20140622 00:30,36.05657394,-86.68376231,Burglary/Breaking & Entering
2014491160,20140621 00:20,20140621 02:00,36.19450987,-86.74735071,Burglary/Breaking & Entering
2014491432,20140621 00:45,20140621 02:10,36.12141539,-86.74874508,Burglary/Breaking & Entering
2014491639,20140621 03:25,20140621 03:34,36.0980122,-86.73274041,Burglary/Breaking & Entering
2014493002,20140621 12:30,20140621 18:50,36.12134462,-86.92091787,Burglary/Breaking & Entering
2014493178,20140621 13:00,20140621 20:10,36.18487379,-86.73653144,Burglary/Breaking & Entering
2014492967,20140621 13:30,20140621 18:32,36.2056606,-86.72793199,Burglary/Breaking & Entering
2014493639,20140621 14:45,20140622 00:15,36.23594012,-86.78128352,Burglary/Breaking & Entering
2014580273,20140621 15:00,20140723 13:02,36.28209367,-86.70608214,Burglary/Breaking & Entering
2014493213,20140621 15:30,20140621 20:28,36.07963322,-86.60896129,Burglary/Breaking & Entering
2014493304,20140621 16:30,20140621 21:10,36.11931336,-86.88323285,Burglary/Breaking & Entering
2014494639,20140621 17:00,20140622 10:05,36.06661098,-86.71794528,Burglary/Breaking & Entering
2014500037,20140621 19:00,20140624 10:00,36.06682395,-86.59456067,Burglary/Breaking & Entering
2014493230,20140621 20:20,20140621 20:30,36.27465823,-86.68932145,Burglary/Breaking & Entering
2014493842,20140622 01:20,20140622 01:40,36.052525,-86.67296615,Burglary/Breaking & Entering
2014769754,20140622 06:00,20140924 12:38,36.27264492,-86.69456216,Burglary/Breaking & Entering
2014496177,20140622 07:30,20140622 23:20,36.02878307,-86.64914875,Burglary/Breaking & Entering
2014495186,20140622 10:00,20140622 15:25,36.17638338,-86.79779449,Burglary/Breaking & Entering
2014495024,20140622 13:15,20140622 14:40,36.21350948,-86.76255374,Burglary/Breaking & Entering
2014495393,20140622 14:37,20140622 14:37,36.26106826,-86.71264473,Burglary/Breaking & Entering
2014495579,20140622 17:56,20140622 17:56,36.13309042,-86.79887318,Burglary/Breaking & Entering
2014495591,20140622 18:03,20140622 18:03,36.18974477,-86.83759242,Burglary/Breaking & Entering
2014495570,20140622 18:15,20140622 18:50,36.23356692,-86.79430776,Burglary/Breaking & Entering
2014495755,20140622 19:13,20140622 19:13,36.26986497,-86.68348235,Burglary/Breaking & Entering
2014495832,20140622 20:00,20140622 20:00,36.1233108,-86.90174836,Burglary/Breaking & Entering
2014511542,20140622 21:00,20140628 13:30,36.18531513,-86.81897217,Burglary/Breaking & Entering
2014498606,20140622 23:45,20140623 20:20,36.12553205,-86.6981038,Burglary/Breaking & Entering
2014498879,20140623 06:20,20140623 22:10,36.26698922,-86.69019098,Burglary/Breaking & Entering
2014498465,20140623 07:30,20140623 19:20,36.18878736,-86.76928355,Burglary/Breaking & Entering
2014514502,20140623 09:00,20140629 17:25,36.24854204,-86.71542496,Burglary/Breaking & Entering
2014498085,20140623 09:40,20140623 16:00,36.09356624,-86.78697756,Burglary/Breaking & Entering
2014516884,20140623 10:00,20140630 13:00,36.13518142,-86.88688741,Burglary/Breaking & Entering
2014497643,20140623 10:25,20140623 12:20,36.05139579,-86.70188762,Burglary/Breaking & Entering
2014498362,20140623 12:00,20140623 18:15,36.13985031,-86.8342922,Burglary/Breaking & Entering
2014497805,20140623 13:39,20140623 13:39,36.08146242,-86.62566628,Burglary/Breaking & Entering
2014497970,20140623 15:17,20140623 15:17,36.10962631,-86.74094218,Burglary/Breaking & Entering
2014514530,20140623 15:30,20140623 21:55,36.17165899,-86.75893963,Burglary/Breaking & Entering
2014498689,20140623 16:00,20140623 16:00,36.07466862,-86.75389482,Burglary/Breaking & Entering
2014498228,20140623 16:47,20140623 16:47,36.1763624,-86.80467933,Burglary/Breaking & Entering
2014498557,20140623 17:13,20140623 17:13,36.1059302,-86.73800989,Burglary/Breaking & Entering
2014498285,20140623 17:17,20140623 17:17,36.10929829,-86.73843728,Burglary/Breaking & Entering
2014499414,20140623 18:00,20140624 10:25,36.20752916,-86.78443058,Burglary/Breaking & Entering
2014499272,20140623 18:15,20140624 02:30,36.08955027,-86.63400525,Burglary/Breaking & Entering
2014498650,20140623 18:43,20140623 18:43,36.10964707,-86.73350116,Burglary/Breaking & Entering
2014498807,20140623 20:00,20140623 21:43,36.16787886,-86.75502429,Burglary/Breaking & Entering
2014499738,20140623 21:00,20140624 08:35,36.12809677,-86.6982855,Burglary/Breaking & Entering
2014499030,20140623 23:17,20140623 23:17,36.16128269,-86.64575748,Burglary/Breaking & Entering
2014499240,20140624 01:30,20140624 10:40,36.07777386,-86.61644612,Burglary/Breaking & Entering
2014499412,20140624 02:30,20140624 04:00,36.05011073,-86.60609981,Burglary/Breaking & Entering
2014499483,20140624 04:12,20140624 05:10,36.10580497,-86.81383596,Burglary/Breaking & Entering
2014501894,20140624 09:00,20140624 22:11,36.16934402,-86.74246875,Burglary/Breaking & Entering
2014503660,20140624 09:00,20140625 15:03,36.17548404,-86.79836823,Burglary/Breaking & Entering
2014500225,20140624 09:40,20140624 11:20,36.17786789,-86.80590087,Burglary/Breaking & Entering
2014501581,20140624 10:30,20140624 20:50,36.34325611,-86.75226224,Burglary/Breaking & Entering
2014503201,20140624 10:30,20140625 10:42,36.26443244,-86.68087451,Burglary/Breaking & Entering
2014500142,20140624 10:30,20140624 10:40,36.2066451,-86.75855581,Burglary/Breaking & Entering
2014500616,20140624 11:30,20140624 13:46,36.25474578,-86.71064604,Burglary/Breaking & Entering
2014502108,20140624 11:45,20140625 01:00,36.23537925,-86.79064686,Burglary/Breaking & Entering
2014504488,20140624 12:05,20140625 21:00,36.23537925,-86.79064686,Burglary/Breaking & Entering
2014500423,20140624 12:13,20140624 12:13,36.25201499,-86.88233396,Burglary/Breaking & Entering
2014501459,20140624 12:30,20140624 19:50,36.06494597,-86.6459267,Burglary/Breaking & Entering
2014500697,20140624 14:13,20140624 14:13,36.13421192,-86.85952692,Burglary/Breaking & Entering
2014500942,20140624 14:37,20140624 14:37,36.13480344,-86.72420392,Burglary/Breaking & Entering
2014500865,20140624 14:42,20140624 14:42,36.1334106,-86.83990706,Burglary/Breaking & Entering
2014500919,20140624 15:42,20140624 15:42,36.15471422,-86.63806218,Burglary/Breaking & Entering
2014501950,20140624 20:00,20140624 23:10,36.17016213,-86.81737247,Burglary/Breaking & Entering
2014503012,20140624 20:00,20140625 09:40,36.25173139,-86.72828384,Burglary/Breaking & Entering
2014502242,20140624 22:00,20140625 01:40,36.24314509,-86.63567782,Burglary/Breaking & Entering
2014502976,20140624 23:00,20140625 09:19,36.20295005,-86.73234727,Burglary/Breaking & Entering
2014503053,20140625 00:00,20140625 11:00,36.18569571,-86.74761333,Burglary/Breaking & Entering
2014674638,20140625 01:00,20140825 07:11,36.08523252,-86.64782985,Burglary/Breaking & Entering
2014506073,20140625 01:00,20140626 10:30,36.09003366,-86.63922815,Burglary/Breaking & Entering
2014503574,20140625 08:00,20140625 13:47,36.22365589,-86.7636006,Burglary/Breaking & Entering
2014504667,20140625 09:00,20140625 21:53,36.09773165,-86.73415273,Burglary/Breaking & Entering
2014503451,20140625 12:06,20140625 12:06,36.24166247,-86.79887869,Burglary/Breaking & Entering
2014503476,20140625 12:29,20140625 12:29,36.28272158,-86.71793552,Burglary/Breaking & Entering
2014503794,20140625 14:00,20140625 16:00,36.08333645,-86.94277019,Burglary/Breaking & Entering
2014503772,20140625 15:40,20140625 15:40,36.09075984,-86.70743763,Burglary/Breaking & Entering
2014503953,20140625 16:50,20140625 16:50,36.0971031,-86.72680843,Burglary/Breaking & Entering
2014506412,20140625 17:00,20140626 13:30,36.15209165,-86.76545592,Burglary/Breaking & Entering
2014506184,20140625 17:00,20140626 13:30,36.15209165,-86.76545592,Burglary/Breaking & Entering
2014504010,20140625 17:17,20140625 17:17,36.15333232,-86.72408223,Burglary/Breaking & Entering
2014504088,20140625 17:43,20140625 17:43,36.26474333,-86.68709822,Burglary/Breaking & Entering
2014504212,20140625 18:03,20140625 18:03,36.26571446,-86.7505866,Burglary/Breaking & Entering
2014504132,20140625 18:10,20140625 18:10,36.16166044,-86.81932091,Burglary/Breaking & Entering
2014504166,20140625 18:26,20140625 18:26,36.17614274,-86.80466355,Burglary/Breaking & Entering
2014509776,20140625 23:00,20140627 20:10,36.2076686,-86.73565166,Burglary/Breaking & Entering
2014505690,20140625 23:00,20140626 08:29,36.31490146,-86.88431077,Burglary/Breaking & Entering
2014530802,20140626 00:00,20140705 20:00,36.20682113,-86.63470877,Burglary/Breaking & Entering
2014505207,20140626 00:30,20140626 03:00,36.08161919,-86.68815065,Burglary/Breaking & Entering
2014514417,20140626 01:00,20140629 16:22,36.24314509,-86.63567782,Burglary/Breaking & Entering
2014509404,20140626 06:00,20140627 17:23,36.15999596,-86.67605906,Burglary/Breaking & Entering
2014507008,20140626 07:00,20140626 19:30,36.09380692,-86.6430799,Burglary/Breaking & Entering
2014508587,20140626 07:30,20140627 08:30,36.20524474,-86.75976604,Burglary/Breaking & Entering
2014508657,20140626 08:00,20140627 09:30,36.13124092,-86.9864552,Burglary/Breaking & Entering
2014506647,20140626 08:30,20140626 15:50,36.24868174,-86.67146043,Burglary/Breaking & Entering
2014505395,20140626 09:17,20140626 09:56,36.31229157,-86.88284251,Burglary/Breaking & Entering
2014506552,20140626 10:00,20140626 15:20,36.2334616,-86.59083608,Burglary/Breaking & Entering
2014508588,20140626 10:20,20140627 08:25,36.18721996,-86.77039342,Burglary/Breaking & Entering
2014507130,20140626 12:30,20140626 19:26,36.21101355,-86.71800502,Burglary/Breaking & Entering
2014507619,20140626 13:40,20140626 22:40,36.21455893,-86.84154616,Burglary/Breaking & Entering
2014507463,20140626 14:00,20140626 22:17,36.13580227,-86.63932575,Burglary/Breaking & Entering
2014513313,20140626 16:00,20140629 06:35,36.05860044,-86.69876422,Burglary/Breaking & Entering
2014513480,20140626 18:30,20140629 09:00,36.07578883,-86.63995276,Burglary/Breaking & Entering
2014507390,20140626 20:06,20140626 21:07,36.25582381,-86.76700712,Burglary/Breaking & Entering
2014507523,20140626 21:00,20140626 21:53,36.1993085,-86.76236299,Burglary/Breaking & Entering
2014575262,20140627 00:00,20140721 20:30,36.13249206,-86.78582937,Burglary/Breaking & Entering
2014508317,20140627 03:00,20140627 05:00,36.14409509,-86.74790229,Burglary/Breaking & Entering
2014508271,20140627 03:30,20140627 03:50,36.04621614,-86.65780546,Burglary/Breaking & Entering
2014511805,20140627 06:00,20140628 17:30,36.25461631,-86.77113664,Burglary/Breaking & Entering
2014512363,20140627 09:00,20140628 21:45,36.1930412,-86.5921719,Burglary/Breaking & Entering
2014511561,20140627 11:00,20140628 13:35,36.18895808,-86.81811174,Burglary/Breaking & Entering
2014512214,20140627 11:20,20140628 19:52,36.0984999,-86.78108918,Burglary/Breaking & Entering
2014509946,20140627 13:00,20140627 21:00,36.09277038,-86.64272965,Burglary/Breaking & Entering
2014512296,20140627 17:25,20140628 20:40,36.12755962,-86.89376103,Burglary/Breaking & Entering
2014510189,20140627 18:00,20140627 22:39,36.05234606,-86.64026128,Burglary/Breaking & Entering
2014510455,20140627 21:00,20140628 00:30,36.2835975,-86.70351356,Burglary/Breaking & Entering
2014514168,20140628 00:00,20140629 14:20,36.13752664,-86.76197964,Burglary/Breaking & Entering
2014511250,20140628 00:01,20140628 09:49,36.0759905,-86.71826693,Burglary/Breaking & Entering
2014510540,20140628 01:00,20140628 02:00,36.25381056,-86.71638825,Burglary/Breaking & Entering
2014511201,20140628 02:30,20140628 10:00,36.15638094,-86.88463451,Burglary/Breaking & Entering
2014510817,20140628 04:00,20140628 04:42,36.21335042,-86.73142295,Burglary/Breaking & Entering
2014510892,20140628 04:24,20140628 05:45,36.08673623,-86.70305615,Burglary/Breaking & Entering
2014512100,20140628 13:00,20140628 20:18,36.2104816,-86.6291823,Burglary/Breaking & Entering
2014511575,20140628 13:39,20140628 13:39,36.05085403,-86.67456904,Burglary/Breaking & Entering
2014511667,20140628 13:53,20140628 13:53,36.16727696,-86.79902084,Burglary/Breaking & Entering
2014512107,20140628 15:00,20140628 19:28,36.26087357,-86.65480778,Burglary/Breaking & Entering
2014511824,20140628 15:26,20140628 15:26,36.08483228,-86.76187354,Burglary/Breaking & Entering
2014512112,20140628 15:45,20140628 19:23,36.2109183,-86.63392463,Burglary/Breaking & Entering
2014511859,20140628 16:36,20140628 16:36,36.18364498,-86.84605044,Burglary/Breaking & Entering
2014512240,20140628 18:59,20140628 18:59,36.20935555,-86.72149157,Burglary/Breaking & Entering
2014515083,20140628 20:00,20140629 22:23,36.25557568,-86.65360407,Burglary/Breaking & Entering
2014512308,20140628 20:10,20140628 20:10,36.2127429,-86.76648538,Burglary/Breaking & Entering
2014512575,20140628 23:03,20140628 23:03,36.14041233,-86.78576892,Burglary/Breaking & Entering
2014512779,20140628 23:16,20140628 23:16,36.13749258,-86.70664168,Burglary/Breaking & Entering
2014531901,20140628 23:30,20140706 06:00,36.18797369,-86.7641789,Burglary/Breaking & Entering
2014515379,20140629 00:00,20140630 01:10,36.07401269,-86.68954662,Burglary/Breaking & Entering
2014512972,20140629 02:42,20140629 02:42,36.06256267,-86.9242765,Burglary/Breaking & Entering
2014513225,20140629 05:09,20140629 05:09,36.17286908,-86.79333083,Burglary/Breaking & Entering
2014519331,20140629 06:00,20140701 11:39,36.06120768,-86.71973702,Burglary/Breaking & Entering
2014513659,20140629 06:27,20140629 06:27,36.29219618,-86.70292145,Burglary/Breaking & Entering
2014513720,20140629 08:26,20140629 08:26,36.19261202,-86.8321291,Burglary/Breaking & Entering
2014513590,20140629 09:24,20140629 09:24,36.14198116,-86.74946063,Burglary/Breaking & Entering
2014513646,20140629 10:11,20140629 10:11,36.16938032,-86.77983877,Burglary/Breaking & Entering
2014513887,20140629 11:42,20140629 11:42,36.25250666,-86.71530473,Burglary/Breaking & Entering
2014514633,20140629 13:00,20140629 18:30,36.16102533,-86.8428993,Burglary/Breaking & Entering
2014514299,20140629 15:12,20140629 15:12,36.021404,-86.72070568,Burglary/Breaking & Entering
2014514370,20140629 16:04,20140629 16:04,36.25643453,-86.68984809,Burglary/Breaking & Entering
2014517069,20140629 18:00,20140630 14:13,36.06083496,-86.64072215,Burglary/Breaking & Entering
2014515121,20140629 18:46,20140629 18:46,36.20831713,-86.76479862,Burglary/Breaking & Entering
2014514735,20140629 18:59,20140629 18:59,36.18721996,-86.77039342,Burglary/Breaking & Entering
2014519436,20140629 19:00,20140701 12:20,36.26336931,-86.76448524,Burglary/Breaking & Entering
2014515128,20140629 19:09,20140629 19:09,36.20194722,-86.73463601,Burglary/Breaking & Entering
2014515143,20140629 22:37,20140629 22:37,36.15167313,-86.82359754,Burglary/Breaking & Entering
2014515299,20140629 23:48,20140629 23:48,36.03918804,-86.72041707,Burglary/Breaking & Entering
2014516548,20140630 00:00,20140630 00:00,36.24755988,-86.64132245,Burglary/Breaking & Entering
2014515749,20140630 03:25,20140630 03:25,36.10322708,-86.87025445,Burglary/Breaking & Entering
2014515852,20140630 04:40,20140630 05:10,36.29430481,-86.69550198,Burglary/Breaking & Entering
2014518297,20140630 07:30,20140701 01:24,36.07112413,-86.57510909,Burglary/Breaking & Entering
2014516258,20140630 08:33,20140630 08:33,36.28492091,-86.92611366,Burglary/Breaking & Entering
2014517879,20140630 09:00,20140630 20:45,36.04260065,-86.66635375,Burglary/Breaking & Entering
2014516789,20140630 12:09,20140630 12:09,36.20056636,-86.72677015,Burglary/Breaking & Entering
2014517003,20140630 13:44,20140630 13:44,36.08069021,-86.64088567,Burglary/Breaking & Entering
2014517112,20140630 14:34,20140630 14:34,36.26328342,-86.69309279,Burglary/Breaking & Entering
2014517467,20140630 16:20,20140630 16:20,36.28926479,-86.73214413,Burglary/Breaking & Entering
2014517411,20140630 16:27,20140630 16:27,36.24930006,-86.67486724,Burglary/Breaking & Entering
2014517439,20140630 16:49,20140630 17:00,36.08255633,-86.79317684,Burglary/Breaking & Entering
2014517797,20140630 17:06,20140630 17:06,36.04278237,-86.72253333,Burglary/Breaking & Entering
2014520520,20140630 20:00,20140701 16:00,36.18880313,-86.62846478,Burglary/Breaking & Entering
2014517826,20140630 20:12,20140630 20:12,36.07361867,-86.67617679,Burglary/Breaking & Entering